<Function 1, scan #0, time 0.0034000000450760126>
00-18-C7-37-88-4E	7E-49-05-EA-38-6E
raw_mcr	raw_count	mcr_multiplier	count_gain
51200	0	1	1
51809	0	1	1
51845	11264	1	16
51881	9984	1	16
51916	25874	1	16
51952	21614	1	16
51988	21047	1	16
52024	0	1	1
52060	15310	1	64
52096	17664	1	64
52132	14793	1	256
52167	30703	1	256
52203	10245	1	1024
52239	12594	1	1024
52275	15823	1	1024
52311	14365	1	1024
52347	13833	1	1024
52382	14551	1	1024
52418	12435	1	1024
52454	12011	1	1024
52490	8715	1	1024
52526	17949	1	256
52562	10761	1	64
52598	14322	1	64
52633	28946	1	64
52669	21696	1	64
52705	10634	1	256
52741	20933	1	64
52777	12117	1	256
52813	28174	1	64
52849	9249	1	256
52884	13746	1	256
52920	32421	1	64
52956	22962	1	64
52992	19643	1	64
53028	22446	1	64
53064	17605	1	64
53099	8809	1	64
53135	9870	1	256
53171	10285	1	256
53207	23392	1	64
53243	14722	1	256
53279	30738	1	64
53315	27936	1	64
53350	15646	1	256
53386	26647	1	64
53422	17079	1	256
53458	11810	1	256
53494	9218	1	256
53530	14034	1	64
53565	20667	1	64
53601	8823	1	64
53637	10149	1	16
53673	24137	1	64
53709	8417	1	256
53745	8627	1	256
53781	19808	1	64
53816	20590	1	64
53852	8421	1	64
53888	14624	1	64
53924	13806	1	16
53960	18158	1	64
53996	29147	1	16
54032	25490	1	16
54067	8375	1	64
54103	20261	1	16
54139	16859	1	64
54175	29271	1	64
54211	8430	1	64
54247	10158	1	64
54282	24082	1	16
54318	29038	1	4
54354	3218	1	1
54390	17010	1	64
54426	27575	1	16
54462	0	1	1
54498	9070	1	16
54533	17115	1	4
54569	8997	1	64
54605	27026	1	16
54641	11858	1	256
54677	24430	1	16
54713	16677	1	16
54748	18395	1	16
54784	0	1	1
54820	23557	1	64
54856	14446	1	16
54892	27246	1	16
54928	0	1	1
54964	8430	1	16
54999	8315	1	64
55035	0	1	1
55071	293	1	1
55107	25966	1	16
55143	32014	1	64
55179	29056	1	64
55214	8681	1	256
55250	11607	1	64
55286	30629	1	64
55322	17682	1	64
55358	11035	1	64
55394	17810	1	64
55430	22030	1	64
55465	12087	1	256
55501	15177	1	64
55537	10018	1	256
55573	10514	1	16
55609	2926	1	1
55645	15790	1	64
55681	12384	1	64
55716	14491	1	64
55752	15911	1	256
55788	24850	1	64
55824	10094	1	256
55860	10647	1	256
55896	11281	1	256
55931	32306	1	64
55967	14512	1	256
56003	10650	1	256
56039	30587	1	64
56075	15414	1	256
56111	21059	1	256
56147	19675	1	256
56182	9371	1	1024
56218	12318	1	1024
56254	10244	1	1024
56290	15523	1	1024
56326	13325	1	1024
56362	16378	1	1024
56397	16147	1	1024
56433	18814	1	1024
56469	15507	1	1024
56505	13274	1	1024
56541	14253	1	1024
56577	26954	1	256
56613	23422	1	256
56648	19451	1	256
56684	27326	1	256
56720	9953	1	1024
56756	21040	1	256
56792	10805	1	1024
56828	11128	1	1024
56864	9564	1	1024
56899	28203	1	256
56935	10405	1	1024
56971	9789	1	1024
57007	12018	1	1024
57043	30685	1	256
57079	21847	1	256
57114	11520	1	256
57150	12402	1	256
57186	21877	1	256
57222	15670	1	256
57258	19377	1	256
57294	21558	1	256
57330	16209	1	256
57365	16530	1	256
57401	15942	1	256
57437	22738	1	64
57473	8454	1	256
57509	13582	1	64
57545	16489	1	64
57580	18894	1	64
57616	27648	1	16
57652	16837	1	64
57688	15959	1	64
57724	9851	1	64
57760	9486	1	64
57796	19570	1	64
57831	16507	1	64
57867	8741	1	64
57903	17646	1	16
57939	21376	1	64
57975	18610	1	64
58011	8219	1	64
58046	13184	1	64
58082	13531	1	4
58118	21394	1	16
58154	14510	1	64
58190	32293	1	64
58226	18688	1	64
58262	26135	1	64
58297	31173	1	64
58333	10519	1	64
58369	18487	1	64
58405	9709	1	256
58441	14394	1	256
58477	9517	1	256
58513	8907	1	256
58548	12901	1	256
58584	15082	1	256
58620	9211	1	256
58656	8536	1	256
58692	13064	1	256
58728	18103	1	64
58763	10403	1	256
58799	10232	1	256
58835	13745	1	256
58871	18185	1	64
58907	24160	1	64
58943	23323	1	64
58979	11067	1	64
59014	8214	1	256
59050	14245	1	64
59086	9632	1	64
59122	24114	1	64
59158	13445	1	64
59194	2048	1	1
59229	27392	1	16
59265	19945	1	64
59301	13280	1	64
59337	9947	1	4
59373	10382	1	64
59409	8622	1	64
59445	11968	1	64
59480	11813	1	16
59516	12654	1	64
59552	9330	1	64
59588	878	1	1
59624	0	1	1
59660	28251	1	16
59695	1170	1	1
59731	878	1	1
59767	30866	1	4
59803	0	1	1
59839	585	1	1
59875	2926	1	1
59911	293	1	1
59946	10551	1	16
59982	21870	1	16
60018	4974	1	1
60054	32283	1	64
60090	878	1	1
60126	0	1	1
60162	0	1	1
60197	10331	1	16
60233	19895	1	16
60269	21321	1	16
60305	21083	1	64
60341	10409	1	64
60377	14281	1	16
60412	10171	1	64
60448	9536	1	64
60484	16603	1	16
60520	16718	1	64
60556	12261	1	64
60592	0	1	1
60628	27959	1	16
60663	9618	1	64
60699	293	1	1
60735	12489	1	16
60771	0	1	1
60807	0	1	1
60843	1463	1	1
60878	11721	1	16
60914	18414	1	16
60950	13751	1	1
60986	0	1	1
61273	0	1	1
61309	11337	1	16
61345	8357	1	16
61380	22016	1	4
61416	4096	1	1
61452	19749	1	16
61488	0	1	1
61560	0	1	1
61595	9911	1	16
61631	11506	1	64
61667	20773	1	1
61703	0	1	1
61918	0	1	1
61954	16494	1	16
61990	10002	1	16
62026	10469	1	64
62061	0	1	1
62097	6144	1	1
62133	19749	1	4
62169	11150	1	64
62205	15817	1	16
62241	0	1	1
62277	0	1	1
62312	12471	1	16
62348	0	1	1
62384	28709	1	16
62420	23515	1	16
62456	9184	1	64
62492	12654	1	64
62527	25600	1	16
62563	15369	1	64
62599	29559	1	64
62635	17555	1	256
62671	20430	1	256
62707	19413	1	256
62743	23747	1	256
62778	24554	1	256
62814	19155	1	256
62850	27639	1	64
62886	29440	1	64
62922	15927	1	256
62958	11965	1	256
62994	8873	1	64
63029	9655	1	1
63065	19945	1	64
63101	11776	1	64
63137	12434	1	64
63173	11904	1	64
63209	8306	1	64
63244	10130	1	16
63280	4974	1	1
63316	8997	1	4
63352	4096	1	1
63388	10688	1	64
63424	17298	1	16
63460	8850	1	64
63495	13659	1	16
63531	30171	1	64
63567	27483	1	16
63603	13691	1	64
63639	17929	1	64
63675	30354	1	4
63710	30592	1	16
63746	10414	1	64
63782	24503	1	16
63818	0	1	1
63926	0	1	1
63961	12910	1	16
63997	14382	1	64
64033	28215	1	16
64069	14921	1	16
64105	29842	1	4
64141	0	1	1
64177	13166	1	16
64212	10770	1	16
64248	24777	1	16
64284	14949	1	64
64320	14075	1	64
64356	12251	1	16
64392	21184	1	64
64427	14497	1	256
64463	17138	1	64
64499	8198	1	256
64535	31689	1	64
64571	9830	1	256
64607	28814	1	64
64643	25339	1	64
64678	20073	1	64
64714	21993	1	64
64750	9234	1	16
64786	29093	1	16
64822	15049	1	16
64858	0	1	1
64893	0	1	1
64929	19474	1	16
64965	15470	1	16
65001	25966	1	4
65037	8521	1	16
65073	26917	1	1
65109	13678	1	4
65144	10295	1	16
65180	10496	1	16
65216	15872	1	4
65252	9714	1	64
65288	585	1	1
65324	0	1	1
65359	23442	1	16
65395	12800	1	4
65431	11259	1	64
65467	13897	1	4
65503	10331	1	16
32769	31305	2	1
32787	878	2	1
32805	0	2	1
32823	10258	2	64
32841	12379	2	16
32859	10825	2	1
32877	17262	2	4
32895	22235	2	4
32913	13202	2	16
32930	0	2	1
32984	0	2	1
33002	8773	2	64
33020	14043	2	1
33038	16183	2	16
33056	20773	2	4
33074	0	2	1
33092	29550	2	16
33110	0	2	1
33128	26825	2	16
33146	18176	2	16
33163	10021	2	16
33181	10807	2	64
33199	26295	2	16
33217	13225	2	64
33235	16338	2	64
33253	12517	2	64
33271	14043	2	16
33289	18574	2	64
33307	26469	2	64
33325	14683	2	64
33343	12224	2	64
33361	13463	2	64
33379	12873	2	16
33396	4389	2	1
33414	28773	2	64
33432	15739	2	64
33450	13422	2	64
33468	19854	2	64
33486	29710	2	64
33504	11506	2	64
33522	10546	2	64
33540	10112	2	64
33558	28960	2	64
33576	22693	2	64
33594	9214	2	256
33612	19447	2	64
33629	25522	2	64
33647	15593	2	64
33665	20146	2	64
33683	21614	2	16
33701	20622	2	64
33719	24855	2	64
33737	22235	2	64
33755	29600	2	64
33773	19328	2	64
33791	21605	2	64
33809	19909	2	64
33827	18994	2	64
33845	24247	2	64
33862	17614	2	64
33880	9527	2	64
33898	24210	2	16
33916	12142	2	64
33934	15415	2	16
33952	10679	2	4
33970	2048	2	1
33988	31561	2	16
34006	0	2	1
34024	26149	2	16
34042	0	2	1
34060	27593	2	16
34078	11849	2	4
34095	0	2	1
34113	15963	2	16
34131	0	2	1
34185	0	2	1
34203	11995	2	16
34221	14318	2	16
34239	0	2	1
34257	0	2	1
34275	25874	2	16
34293	24576	2	4
34311	9216	2	16
34329	0	2	1
34346	0	2	1
34364	15323	2	16
34382	18597	2	16
34400	14336	2	1
34418	1755	2	1
34436	0	2	1
34472	0	2	1
34490	19529	2	16
34508	0	2	1
34526	11319	2	16
34544	0	2	1
34562	22821	2	16
34579	0	2	1
34705	0	2	1
34723	10405	2	16
34741	19986	2	16
34759	23735	2	16
34777	15799	2	1
34795	11163	2	64
34812	14976	2	64
34830	0	2	1
34848	0	2	1
34866	12594	2	64
34884	22235	2	1
34902	16055	2	16
34920	0	2	1
34992	0	2	1
35010	8631	2	4
35028	20718	2	16
35045	8777	2	1
35063	0	2	1
35081	31963	2	4
35099	293	2	1
35117	0	2	1
35225	0	2	1
35243	9710	2	16
35261	0	2	1
35278	0	2	1
35296	8329	2	64
35314	10569	2	64
35332	11922	2	4
35350	10222	2	16
35368	10075	2	64
35386	13170	2	64
35404	10880	2	64
35422	0	2	1
35440	8192	2	4
35458	0	2	1
35494	0	2	1
35511	8192	2	16
35529	0	2	1
35547	9161	2	16
35565	25307	2	4
35583	9015	2	16
35601	0	2	1
35619	13239	2	16
35637	10295	2	16
35655	11776	2	64
35673	20425	2	16
35691	16677	2	4
35709	0	2	1
35780	0	2	1
35798	15287	2	16
35816	22528	2	4
35834	24576	2	1
35852	13577	2	64
35870	13166	2	1
35888	14043	2	16
35906	11214	2	64
35924	10697	2	16
35942	293	2	1
35960	24064	2	4
35978	29623	2	4
35995	0	2	1
36013	0	2	1
36031	9509	2	4
36049	28233	2	4
36067	14153	2	16
36085	0	2	1
36103	15945	2	4
36121	12178	2	16
36139	13678	2	4
36157	0	2	1
36175	30793	2	4
36193	28434	2	16
36211	15671	2	16
36228	8667	2	16
36246	22162	2	4
36264	14501	2	16
36282	1463	2	1
36300	0	2	1
36318	29623	2	16
36336	8663	2	64
36354	9467	2	64
36372	26295	2	16
36390	13015	2	64
36408	31817	2	4
36426	26624	2	1
36444	15214	2	16
36461	9070	2	16
36479	0	2	1
36533	0	2	1
36551	17211	2	64
36569	14706	2	64
36587	13056	2	16
36605	9422	2	64
36623	28251	2	16
36641	10135	2	64
36659	18011	2	16
36677	10624	2	16
36694	15433	2	64
36712	10267	2	64
36730	9486	2	64
36748	15214	2	1
36766	0	2	1
36784	293	2	1
36802	11995	2	4
36820	30025	2	16
36838	16457	2	4
36856	15424	2	64
36874	17408	2	16
36892	25929	2	16
36910	17499	2	16
36927	11017	2	64
36945	8846	2	64
36963	18487	2	16
36981	0	2	1
37017	0	2	1
37035	27429	2	16
37053	8594	2	64
37071	10953	2	64
37089	22405	2	64
37107	19529	2	64
37125	31433	2	64
37143	22839	2	16
37161	13166	2	16
37178	14158	2	64
37196	17879	2	64
37214	9746	2	64
37232	23643	2	16
37250	29093	2	16
37268	12215	2	16
37286	15232	2	16
37304	12635	2	64
37322	11410	2	1
37340	19109	2	16
37358	10185	2	16
37376	0	2	1
37394	0	2	1
37411	9435	2	16
37429	0	2	1
37447	11246	2	16
37465	0	2	1
37519	0	2	1
37537	16347	2	16
37555	0	2	1
37573	28562	2	16
37591	26990	2	4
37609	9467	2	64
37627	22491	2	16
37644	8558	2	4
37662	10446	2	64
37680	11703	2	1
37698	14629	2	16
37716	19054	2	16
37734	11429	2	16
37752	10149	2	16
37770	8613	2	16
37788	0	2	1
37824	0	2	1
37842	18889	2	16
37860	15872	2	4
37877	0	2	1
37931	0	2	1
37949	20023	2	16
37967	0	2	1
37985	24411	2	16
38003	5266	2	1
38021	0	2	1
38039	0	2	1
38057	28471	2	16
38075	25088	2	16
38093	11630	2	16
38110	0	2	1
38128	0	2	1
38146	11282	2	16
38164	22747	2	4
38182	12471	2	16
38200	30939	2	4
38218	15707	2	16
38236	0	2	1
38254	24667	2	16
38272	16457	2	4
38290	0	2	1
38308	0	2	1
38326	20773	2	1
38343	0	2	1
38361	0	2	1
38379	11497	2	64
38397	26953	2	16
38415	30354	2	4
38433	19584	2	16
38451	0	2	1
38487	0	2	1
38505	18962	2	16
38523	21065	2	4
38541	7314	2	1
38559	0	2	1
38577	0	2	1
38594	25966	2	4
38612	0	2	1
38648	0	2	1
38666	27502	2	4
38684	9097	2	64
38702	0	2	1
38738	0	2	1
38756	18304	2	16
38774	878	2	1
38792	0	2	1
38810	293	2	1
38827	0	2	1
38899	0	2	1
38917	10533	2	16
38935	0	2	1
38953	22674	2	16
38971	12873	2	1
38989	0	2	1
39007	0	2	1
39025	14939	2	16
39043	15506	2	1
39060	0	2	1
39078	0	2	1
39096	9710	2	16
39114	26587	2	16
39132	1463	2	1
39150	0	2	1
39168	27648	2	4
39186	5559	2	1
39204	0	2	1
39365	0	2	1
39383	18761	2	16
39401	0	2	1
39419	13792	2	64
39437	16969	2	1
39455	24576	2	1
39473	8686	2	64
39491	14071	2	64
39509	12123	2	16
39526	30135	2	4
39544	15214	2	1
39562	0	2	1
39616	0	2	1
39634	19529	2	16
39652	20718	2	16
39670	29495	2	16
39688	8814	2	16
39706	0	2	1
39724	26039	2	16
39742	18578	2	16
39759	19602	2	4
39777	29184	2	16
39795	6729	2	1
39813	0	2	1
39831	0	2	1
39849	293	2	1
39867	0	2	1
39957	0	2	1
39975	14117	2	16
39993	293	2	1
40010	0	2	1
40028	0	2	1
40046	9216	2	16
40064	9161	2	16
40082	27063	2	4
40100	0	2	1
40118	0	2	1
40136	26313	2	16
40154	18249	2	16
40172	16219	2	16
40190	19749	2	4
40208	14830	2	16
40226	15634	2	16
40243	11008	2	16
40261	13019	2	16
40279	16238	2	16
40297	8773	2	64
40315	32421	2	16
40333	12123	2	16
40351	8741	2	16
40369	15579	2	16
40387	0	2	1
40405	12910	2	64
40423	21961	2	16
40441	22011	2	64
40459	8805	2	64
40476	10482	2	64
40494	21961	2	16
40512	15310	2	64
40530	13527	2	64
40548	19451	2	64
40566	15575	2	64
40584	15561	2	64
40602	9435	2	64
40620	8999	2	256
40638	8417	2	256
40656	8763	2	256
40674	21151	2	256
40692	22544	2	256
40709	15459	2	256
40727	18563	2	256
40745	9144	2	256
40763	10967	2	256
40781	9745	2	256
40799	8725	2	256
40817	9029	2	64
40835	12023	2	64
40853	18139	2	4
40871	585	2	1
40889	26112	2	4
40907	26423	2	16
40925	11497	2	64
40942	27995	2	16
40960	29038	2	4
40978	21102	2	16
40996	18706	2	16
41014	9701	2	64
41032	12544	2	16
41050	9074	2	64
41068	20846	2	4
41086	0	2	1
41104	27008	2	16
41122	14427	2	16
41140	29769	2	4
41158	13422	2	16
41175	15963	2	16
41193	20480	2	16
41211	8795	2	64
41229	28379	2	4
41247	0	2	1
41265	8485	2	16
41283	21431	2	16
41301	293	2	1
41319	293	2	1
41337	0	2	1
41355	0	2	1
41373	1463	2	1
41391	0	2	1
41409	0	2	1
41426	14245	2	16
41444	9490	2	16
41462	0	2	1
41480	13664	2	64
41498	15561	2	16
41516	0	2	1
41588	0	2	1
41606	15159	2	16
41624	0	2	1
41713	0	2	1
41731	8485	2	1
41749	12288	2	1
41767	0	2	1
41785	12343	2	16
41803	15342	2	16
41821	0	2	1
41839	15634	2	16
41857	0	2	1
41875	0	2	1
41892	20407	2	4
41910	29038	2	16
41928	13422	2	16
41946	0	2	1
41964	6729	2	1
41982	24357	2	16
42000	22217	2	16
42018	28087	2	4
42036	0	2	1
42054	22016	2	4
42072	0	2	1
42108	0	2	1
42125	18121	2	16
42143	293	2	1
42161	0	2	1
42179	0	2	1
42197	10094	2	16
42215	0	2	1
42287	0	2	1
42305	17440	2	64
42323	17591	2	16
42341	0	2	1
42358	21614	2	16
42376	8485	2	1
42394	0	2	1
42430	0	2	1
42448	25234	2	4
42466	30939	2	4
42484	0	2	1
42556	0	2	1
42574	23698	2	16
42591	13093	2	4
42609	22455	2	4
42627	15726	2	16
42645	7314	2	1
42663	30354	2	4
42681	14117	2	4
42699	16658	2	64
42717	8992	2	64
42735	15799	2	1
42753	19310	2	1
42771	8402	2	64
42789	28782	2	16
42807	9385	2	64
42825	19383	2	16
42842	14469	2	64
42860	26002	2	16
42878	1463	2	1
42896	0	2	1
42914	293	2	1
42932	14793	2	16
42950	0	2	1
42968	293	2	1
42986	0	2	1
43004	0	2	1
43022	293	2	1
43040	0	2	1
43058	32183	2	4
43075	0	2	1
43165	0	2	1
43183	15817	2	16
43201	9947	2	4
43219	16695	2	16
43237	0	2	1
43291	0	2	1
43308	31744	2	4
43326	17847	2	4
43344	0	2	1
43362	0	2	1
43380	12009	2	64
43398	29403	2	4
43416	0	2	1
43434	0	2	1
43452	12891	2	16
43470	0	2	1
43488	0	2	1
43506	293	2	1
43524	0	2	1
43541	24795	2	16
43559	23863	2	16
43577	878	2	1
43595	11483	2	16
43613	18725	2	16
43631	18633	2	16
43649	9015	2	16
43667	0	2	1
43703	0	2	1
43721	9783	2	16
43739	0	2	1
43757	14587	2	64
43774	17975	2	16
43792	21358	2	16
43810	12270	2	16
43828	10606	2	4
43846	28544	2	16
43864	0	2	1
43882	18121	2	16
43900	30299	2	16
43918	0	2	1
43954	0	2	1
43972	30281	2	4
43990	8485	2	4
44007	13074	2	16
44025	8704	2	4
44043	0	2	1
44061	12197	2	64
44079	23881	2	16
44097	22546	2	16
44115	0	2	1
44133	12763	2	16
44151	26331	2	4
44169	0	2	1
44258	0	2	1
44276	26661	2	16
44294	17554	2	16
44312	4681	2	1
44330	9751	2	64
44348	21467	2	16
44366	14208	2	16
44384	19035	2	16
44402	0	2	1
44474	0	2	1
44491	9874	2	4
44509	14025	2	16
44527	0	2	1
44545	0	2	1
44563	13056	2	16
44581	9806	2	64
44599	0	2	1
44635	0	2	1
44653	15067	2	4
44671	10734	2	16
44689	14025	2	16
44707	0	2	1
44814	0	2	1
44832	11685	2	16
44850	13659	2	16
44868	0	2	1
44886	10533	2	1
44904	19749	2	4
44922	16750	2	16
44940	0	2	1
44957	19877	2	16
44975	20187	2	1
44993	19547	2	16
45011	0	2	1
45047	0	2	1
45065	9728	2	16
45083	24064	2	4
45101	9637	2	16
45119	0	2	1
45137	17847	2	16
45155	2048	2	1
45173	293	2	1
45190	13033	2	64
45208	23241	2	16
45226	0	2	1
45244	0	2	1
45262	17902	2	16
45280	2926	2	1
45298	15858	2	64
45316	24082	2	16
45334	0	2	1
45352	12379	2	16
45370	15982	2	16
45388	25673	2	16
45406	15890	2	16
45423	12549	2	64
45441	9605	2	64
45459	22747	2	4
45477	0	2	1
45531	0	2	1
45549	17079	2	16
45567	0	2	1
45585	9161	2	16
45603	0	2	1
45674	0	2	1
45692	16677	2	1
45710	0	2	1
45782	0	2	1
45800	13458	2	16
45818	10971	2	4
45836	0	2	1
45872	0	2	1
45890	8942	2	16
45907	23040	2	4
45925	0	2	1
46033	0	2	1
46051	12128	2	64
46069	9765	2	16
46087	14793	2	16
46105	0	2	1
46123	0	2	1
46140	21760	2	16
46158	13367	2	16
46176	0	2	1
46356	0	2	1
46373	10423	2	16
46391	0	2	1
46427	0	2	1
46445	9710	2	16
46463	0	2	1
46571	0	2	1
46589	30647	2	4
46606	18395	2	16
46624	0	2	1
46642	9198	2	16
46660	0	2	1
46696	0	2	1
46714	19493	2	16
46732	0	2	1
46750	0	2	1
46768	9472	2	16
46786	11666	2	16
46804	21961	2	16
46822	9655	2	4
46839	11177	2	64
46857	12069	2	16
46875	23680	2	16
46893	24667	2	16
46911	9010	2	64
46929	8233	2	64
46947	9152	2	64
46965	1755	2	1
46983	0	2	1
47055	0	2	1
47072	23552	2	4
47090	8777	2	4
47108	6144	2	1
47126	878	2	1
47144	10368	2	16
47162	10167	2	16
47180	0	2	1
47234	0	2	1
47252	13147	2	16
47270	0	2	1
47288	0	2	1
47306	9344	2	64
47323	8530	2	64
47341	26624	2	1
47359	10263	2	64
47377	9454	2	16
47395	0	2	1
47413	11621	2	64
47431	31177	2	16
47449	22455	2	4
47467	27063	2	16
47485	9819	2	16
47503	0	2	1
47521	293	2	1
47539	0	2	1
47610	0	2	1
47628	7607	2	1
47646	11483	2	4
47664	0	2	1
47736	0	2	1
47754	10057	2	16
47772	0	2	1
47789	28873	2	16
47807	11488	2	64
47825	27429	2	4
47843	11991	2	64
47861	8773	2	64
47879	9691	2	16
47897	31232	2	16
47915	12946	2	64
47933	12178	2	64
47951	12731	2	64
47969	8315	2	64
47987	17573	2	16
48005	0	2	1
48094	0	2	1
48112	18633	2	16
48130	24759	2	16
48148	15433	2	16
48166	17097	2	16
48184	0	2	1
48202	30427	2	1
48220	0	2	1
48327	0	2	1
48345	11045	2	16
48363	6437	2	1
48381	0	2	1
48399	25161	2	4
48417	0	2	1
48471	0	2	1
48488	16457	2	4
48506	0	2	1
48578	0	2	1
48596	8521	2	16
48614	0	2	1
48901	0	2	1
48919	11355	2	16
48937	0	2	1
48955	15909	2	16
48972	14409	2	4
48990	0	2	1
49008	0	2	1
49026	16421	2	16
49044	0	2	1
49152	0	2	1
49170	12800	2	4
49188	0	2	1
49223	0	2	1
49241	10313	2	16
49259	0	2	1
49277	0	2	1
49295	10240	2	16
49313	0	2	1
49421	0	2	1
49438	13531	2	16
49456	18377	2	16
49474	13458	2	1
49492	0	2	1
49725	0	2	1
49743	8375	2	16
49761	8919	2	64
49779	11355	2	16
49797	0	2	1
49869	0	2	1
49887	31525	2	4
49904	0	2	1
49922	18853	2	16
49940	0	2	1
49958	0	2	1
49976	20681	2	16
49994	0	2	1
50012	12745	2	16
50030	27867	2	16
50048	0	2	1
50155	0	2	1
50173	10478	2	16
50191	2341	2	1
50209	0	2	1
50227	0	2	1
50245	19566	2	16
50263	0	2	1
50442	0	2	1
50460	19017	2	4
50478	10679	2	16
50496	0	2	1
50604	0	2	1
50621	10715	2	16
50639	17262	2	1
50657	0	2	1
50675	0	2	1
50693	17554	2	1
50711	21504	2	16
50729	8613	2	16
50747	10386	2	4
50765	13115	2	64
50783	0	2	1
50801	30427	2	1
50819	0	2	1
51034	0	2	1
51052	22619	2	16
51070	9874	2	4
51087	0	2	1
51123	0	2	1
51141	8695	2	64
51159	21358	2	1
51177	25728	2	16
51195	13449	2	64
51213	11611	2	64
51231	12069	2	16
51249	24978	2	16
51267	0	2	1
51285	11461	2	64
51303	29550	2	1
51320	0	2	1
51338	8338	2	16
51356	14281	2	16
51374	12507	2	16
51392	0	2	1
51428	0	2	1
51446	10258	2	16
51464	16677	2	16
51482	8777	2	1
51500	0	2	1
51643	0	2	1
51661	21632	2	16
51679	25600	2	4
51697	26935	2	16
51715	0	2	1
51733	0	2	1
51751	8393	2	64
51769	0	2	1
51787	30062	2	4
51804	0	2	1
51912	0	2	1
51930	10240	2	4
51948	6729	2	1
51966	10807	2	16
51984	0	2	1
52450	0	2	1
52468	13019	2	16
52486	11922	2	4
52503	0	2	1
52521	16256	2	16
52539	0	2	1
52557	23845	2	16
52575	0	2	1
52611	0	2	1
52629	26331	2	1
52647	15067	2	4
52665	0	2	1
52736	0	2	1
52754	11374	2	16
52772	19017	2	1
52790	27794	2	4
52808	0	2	1
52952	0	2	1
52970	15689	2	16
52987	28178	2	16
53005	0	2	1
53041	0	2	1
53059	9637	2	16
53077	0	2	1
53203	0	2	1
53220	20773	2	4
53238	0	2	1
53256	0	2	1
53274	11593	2	16
53292	0	2	1
53346	0	2	1
53364	14976	2	16
53382	10478	2	16
53400	20480	2	16
53418	0	2	1
53436	0	2	1
53453	10496	2	16
53471	0	2	1
53489	0	2	1
53507	21138	2	4
53525	10752	2	4
53543	0	2	1
53758	0	2	1
53776	10971	2	4
53794	1463	2	1
53812	0	2	1
53848	0	2	1
53866	10935	2	16
53884	18139	2	1
53902	0	2	1
53991	0	2	1
54009	19017	2	16
54027	9545	2	16
54045	0	2	1
54081	0	2	1
54099	23186	2	4
54117	585	2	1
54135	0	2	1
54224	0	2	1
54242	16146	2	16
54260	0	2	1
54368	0	2	1
54386	18907	2	16
54403	20480	2	1
54421	10587	2	16
54439	14921	2	1
54457	0	2	1
54511	0	2	1
54529	14574	2	16
54547	293	2	1
54565	0	2	1
54601	0	2	1
54619	13257	2	16
54636	15177	2	16
54654	14080	2	16
54672	10203	2	16
54690	10533	2	1
54708	0	2	1
54744	0	2	1
54762	25015	2	4
54780	0	2	1
54798	0	2	1
54816	9710	2	16
54834	21266	2	16
54852	8485	2	4
54869	15525	2	16
54887	0	2	1
55085	0	2	1
55102	23552	2	16
55120	16165	2	16
55138	28672	2	4
55156	0	2	1
55533	0	2	1
55551	26295	2	16
55568	21358	2	1
55586	0	2	1
55640	0	2	1
55658	18048	2	16
55676	0	2	1
55927	0	2	1
55945	15799	2	16
55963	9947	2	4
55981	0	2	1
56160	0	2	1
56178	14245	2	16
56196	23790	2	16
56214	0	2	1
56250	0	2	1
56268	21504	2	16
56285	0	2	1
56303	11794	2	16
56321	585	2	1
56339	0	2	1
56357	24430	2	4
56375	0	2	1
56429	0	2	1
56447	5559	2	1
56465	0	2	1
56608	0	2	1
56626	15689	2	16
56644	0	2	1
56716	0	2	1
56734	29989	2	4
56751	0	2	1
56841	0	2	1
56859	11227	2	16
56877	11794	2	16
56895	17847	2	4
56913	26112	2	4
56931	0	2	1
57074	0	2	1
57092	11762	2	64
57110	0	2	1
57182	0	2	1
57200	11630	2	16
57217	22491	2	16
57235	0	2	1
57325	0	2	1
57343	28745	2	4
57361	30720	2	1
57379	12599	2	16
57397	0	2	1
57415	0	2	1
57433	9737	2	64
57451	8978	2	16
57468	10277	2	16
57486	0	2	1
57504	0	2	1
57522	14555	2	16
57540	0	2	1
57558	8613	2	16
57576	0	2	1
57684	0	2	1
57701	13550	2	16
57719	15854	2	16
57737	0	2	1
57755	0	2	1
57773	22272	2	16
57791	0	2	1
57809	0	2	1
57827	14775	2	4
57845	0	2	1
57863	0	2	1
57881	11191	2	16
57899	18798	2	4
57917	0	2	1
57934	32256	2	4
57952	22546	2	16
57970	0	2	1
58096	0	2	1
58114	10715	2	16
58132	0	2	1
58150	15689	2	16
58167	0	2	1
58203	0	2	1
58221	9929	2	16
58239	15799	2	16
58257	0	2	1
58275	0	2	1
58293	9755	2	64
58311	1170	2	1
58329	8832	2	16
58347	293	2	1
58365	0	2	1
58436	0	2	1
58454	16805	2	16
58472	15360	2	4
58490	0	2	1
58544	0	2	1
58562	29696	2	4
58580	0	2	1
58598	0	2	1
58616	8302	2	16
58633	18871	2	16
58651	13513	2	16
58669	12928	2	16
58687	24430	2	4
58705	0	2	1
58723	16347	2	16
58741	26624	2	4
58759	0	2	1
58777	0	2	1
58795	28160	2	4
58813	0	2	1
58849	0	2	1
58867	16969	2	4
58884	0	2	1
58992	0	2	1
59010	10606	2	4
59028	31671	2	16
59046	293	2	1
59064	0	2	1
59315	0	2	1
59333	14226	2	16
59350	0	2	1
59368	19072	2	16
59386	0	2	1
59404	21577	2	4
59422	0	2	1
59512	0	2	1
59530	21138	2	4
59548	0	2	1
59619	0	2	1
59637	21723	2	16
59655	2341	2	1
59673	0	2	1
59691	13970	2	4
59709	293	2	1
59727	26752	2	16
59745	0	2	1
59906	0	2	1
59924	17701	2	16
59942	878	2	1
59960	0	2	1
59978	30501	2	4
59996	0	2	1
60014	30793	2	4
60032	0	2	1
60300	0	2	1
60318	16969	2	4
60336	0	2	1
60372	0	2	1
60390	11355	2	16
60408	0	2	1
60569	0	2	1
60587	28178	2	16
60605	30501	2	4
60623	0	2	1
60659	0	2	1
60677	25911	2	16
60695	21723	2	4
60713	0	2	1
60749	0	2	1
60766	15214	2	16
60784	17847	2	1
60802	0	2	1
61107	0	2	1
61125	9728	2	16
61143	26624	2	4
61161	0	2	1
61179	11904	2	16
61197	26112	2	4
61215	9947	2	1
61232	13129	2	16
61250	0	2	1
61286	0	2	1
61304	17554	2	4
61322	15872	2	16
61340	0	2	1
61358	25746	2	4
61376	0	2	1
61465	0	2	1
61483	27063	2	4
61501	12160	2	16
61519	878	2	1
61537	0	2	1
61573	0	2	1
61591	10843	2	16
61609	0	2	1
61842	0	2	1
61860	27154	2	16
61878	2341	2	1
61896	0	2	1
61914	0	2	1
61932	26697	2	4
61949	8997	2	4
61967	28965	2	4
61985	30501	2	4
62003	27282	2	4
62021	0	2	1
62129	0	2	1
62147	29842	2	16
62165	0	2	1
62218	0	2	1
62236	13312	2	16
62254	0	2	1
62362	0	2	1
62380	13257	2	16
62398	0	2	1
62415	14373	2	16
62433	0	2	1
62684	0	2	1
62702	12288	2	4
62720	21486	2	16
62738	15415	2	16
62756	0	2	1
62792	0	2	1
62810	27721	2	16
62828	0	2	1
62846	12155	2	64
62864	19456	2	4
62881	25454	2	1
62899	22601	2	4
62917	0	2	1
63025	0	2	1
63043	19200	2	16
63061	15488	2	16
63079	12379	2	16
63097	0	2	1
63455	0	2	1
63473	24923	2	16
63491	13605	2	4
63509	16311	2	4
63527	0	2	1
63616	0	2	1
63634	28325	2	16
63652	18139	2	1
63670	0	2	1
63975	0	2	1
63993	15067	2	16
64011	0	2	1
64029	8375	2	16
64047	17262	2	1
64064	0	2	1
64082	16859	2	16
64100	0	2	1
64208	0	2	1
64226	20480	2	4
64244	7314	2	1
64262	4096	2	1
64280	0	2	1
64297	16238	2	4
64315	0	2	1
64351	0	2	1
64369	30720	2	4
64387	0	2	1
64477	0	2	1
64495	16695	2	16
64513	24869	2	1
64531	0	2	1
64566	0	2	1
64584	22089	2	16
64602	12069	2	4
64620	23186	2	16
64638	0	2	1
64656	24869	2	4
64674	15726	2	16
64692	585	2	1
64710	0	2	1
64799	0	2	1
64817	11557	2	4
64835	15250	2	16
64853	4681	2	1
64871	11648	2	16
64889	16969	2	4
64907	17115	2	4
64925	0	2	1
65086	0	2	1
65104	21230	2	16
65122	11118	2	64
65140	2048	2	1
65158	0	2	1
65319	0	2	1
65337	26917	2	4
65355	18798	2	4
65373	11593	2	16
65391	0	2	1
65427	0	2	1
65445	26843	2	4
65463	12654	2	4
65480	0	2	1
65498	0	2	1
65516	9070	2	16
65534	11630	2	4
32776	10679	4	64
32785	18944	4	4
32794	0	4	1
32821	0	4	1
32830	30135	4	1
32839	30208	4	4
32848	13266	4	64
32856	15726	4	16
32865	13440	4	16
32874	22711	4	16
32883	0	4	1
32982	0	4	1
32991	24430	4	4
33000	29330	4	4
33009	0	4	1
33018	0	4	1
33027	22583	4	16
33036	9143	4	4
33045	21431	4	4
33054	2048	4	1
33063	0	4	1
33098	0	4	1
33107	9417	4	16
33116	0	4	1
33143	0	4	1
33152	12818	4	16
33161	23991	4	4
33170	0	4	1
33179	0	4	1
33188	10720	4	64
33197	0	4	1
33260	0	4	1
33269	9655	4	4
33278	9911	4	16
33287	32256	4	4
33296	0	4	1
33305	0	4	1
33314	24210	4	16
33323	15214	4	1
33331	26770	4	4
33340	0	4	1
33394	0	4	1
33403	21413	4	16
33412	9362	4	4
33421	0	4	1
33430	10350	4	16
33439	0	4	1
33475	0	4	1
33484	13769	4	16
33493	0	4	1
33529	0	4	1
33538	11557	4	4
33547	27721	4	4
33556	9728	4	4
33564	24942	4	4
33573	13349	4	16
33582	0	4	1
33887	0	4	1
33896	27648	4	4
33905	20846	4	4
33914	0	4	1
33959	0	4	1
33968	16695	4	16
33977	15799	4	1
33986	0	4	1
34004	0	4	1
34013	15397	4	16
34022	15799	4	1
34031	9856	4	16
34039	2341	4	1
34048	0	4	1
34075	0	4	1
34084	12599	4	16
34093	26843	4	4
34102	0	4	1
34156	0	4	1
34165	17170	4	16
34174	0	4	1
34192	0	4	1
34201	7022	4	1
34210	9801	4	16
34219	12507	4	16
34228	0	4	1
34246	0	4	1
34255	10386	4	16
34264	18725	4	1
34272	0	4	1
34299	0	4	1
34308	9454	4	64
34317	18487	4	16
34326	0	4	1
34416	0	4	1
34425	10971	4	16
34434	20626	4	4
34443	4389	4	1
34452	0	4	1
34658	0	4	1
34667	9486	4	64
34676	0	4	1
34739	0	4	1
34747	17847	4	1
34756	25746	4	1
34765	0	4	1
34774	13385	4	16
34783	0	4	1
34855	0	4	1
34864	9710	4	16
34873	5266	4	1
34882	0	4	1
34918	0	4	1
34927	16073	4	16
34936	585	4	1
34945	0	4	1
34963	0	4	1
34972	21650	4	4
34980	0	4	1
35061	0	4	1
35070	15817	4	16
35079	3218	4	1
35088	0	4	1
35097	14537	4	16
35106	26990	4	4
35115	0	4	1
35124	23022	4	16
35133	11410	4	16
35142	0	4	1
35151	29477	4	4
35160	17554	4	4
35169	27136	4	4
35178	0	4	1
35196	0	4	1
35205	14903	4	16
35214	0	4	1
35267	0	4	1
35276	17554	4	4
35285	9801	4	4
35294	0	4	1
35339	0	4	1
35348	8631	4	4
35357	0	4	1
35429	0	4	1
35438	9454	4	16
35447	25161	4	1
35455	0	4	1
35464	32366	4	16
35473	0	4	1
35482	0	4	1
35491	15799	4	4
35500	18651	4	4
35509	0	4	1
35518	24832	4	16
35527	0	4	1
35590	0	4	1
35599	9929	4	16
35608	0	4	1
35715	0	4	1
35724	25307	4	4
35733	12233	4	16
35742	31963	4	4
35751	0	4	1
35760	10917	4	16
35769	13970	4	4
35778	0	4	1
35796	0	4	1
35805	16055	4	16
35814	0	4	1
35966	0	4	1
35975	29769	4	4
35984	0	4	1
36110	0	4	1
36119	9349	4	64
36128	26039	4	1
36137	0	4	1
36163	0	4	1
36172	20480	4	1
36181	0	4	1
36208	0	4	1
36217	7607	4	1
36226	27502	4	1
36235	0	4	1
36334	0	4	1
36343	17737	4	16
36352	585	4	1
36361	0	4	1
36370	0	4	1
36379	12709	4	16
36388	0	4	1
36540	0	4	1
36549	17975	4	16
36558	4681	4	1
36567	0	4	1
36755	0	4	1
36764	14080	4	16
36773	0	4	1
36925	0	4	1
36934	19607	4	64
36943	0	4	1
36979	0	4	1
36988	22528	4	4
36997	30939	4	4
37006	0	4	1
37015	19145	4	16
37024	10533	4	1
37033	0	4	1
37060	0	4	1
37069	24229	4	16
37078	0	4	1
37122	0	4	1
37131	17847	4	16
37140	0	4	1
37185	0	4	1
37194	18066	4	16
37203	0	4	1
37212	16896	4	4
37221	0	4	1
37248	0	4	1
37257	23278	4	16
37266	29257	4	1
37275	0	4	1
37284	12727	4	4
37293	0	4	1
37400	0	4	1
37409	293	4	1
37418	0	4	1
37579	0	4	1
37588	19017	4	4
37597	0	4	1
37795	0	4	1
37804	16823	4	16
37812	0	4	1
37821	0	4	1
37830	17152	4	16
37839	18103	4	16
37848	0	4	1
37992	0	4	1
38001	21797	4	4
38010	0	4	1
38081	0	4	1
38090	17170	4	16
38099	0	4	1
38117	0	4	1
38126	27831	4	16
38135	13915	4	16
38144	0	4	1
38225	0	4	1
38234	10350	4	16
38243	10295	4	64
38252	0	4	1
38296	0	4	1
38305	20187	4	4
38314	0	4	1
38485	0	4	1
38494	31963	4	4
38503	9947	4	16
38512	0	4	1
38691	0	4	1
38700	16000	4	16
38709	0	4	1
38718	13074	4	16
38727	22967	4	4
38736	0	4	1
38789	0	4	1
38798	8229	4	16
38807	878	4	1
38816	28233	4	4
38825	0	4	1
38888	0	4	1
38897	14007	4	16
38906	2048	4	1
38915	0	4	1
38933	0	4	1
38942	31963	4	4
38951	0	4	1
38960	0	4	1
38969	878	4	1
38978	15031	4	16
38987	0	4	1
39058	0	4	1
39067	25161	4	4
39076	8338	4	16
39085	0	4	1
39282	0	4	1
39291	16018	4	16
39300	0	4	1
39497	0	4	1
39506	16219	4	16
39515	28379	4	4
39524	0	4	1
39578	0	4	1
39587	11410	4	1
39596	0	4	1
39963	0	4	1
39972	18377	4	16
39981	0	4	1
40062	0	4	1
40071	12654	4	4
40080	0	4	1
40376	0	4	1
40385	13970	4	4
40394	0	4	1
40447	0	4	1
40456	21285	4	4
40465	11045	4	4
40474	0	4	1
40492	0	4	1
40501	32549	4	16
40510	0	4	1
40537	0	4	1
40546	11520	4	16
40555	27867	4	4
40564	0	4	1
40618	0	4	1
40627	13806	4	16
40636	0	4	1
40644	0	4	1
40653	1170	4	1
40662	0	4	1
40671	0	4	1
40680	8283	4	16
40689	10533	4	1
40698	0	4	1
40806	0	4	1
40815	9719	4	64
40824	20919	4	16
40833	8777	4	16
40842	0	4	1
40940	0	4	1
40949	20864	4	16
40958	0	4	1
41021	0	4	1
41030	29605	4	16
41039	0	4	1
41164	0	4	1
41173	27173	4	16
41182	32475	4	1
41191	3511	4	1
41200	0	4	1
41218	0	4	1
41227	11429	4	16
41236	0	4	1
41272	0	4	1
41281	10240	4	16
41290	0	4	1
41424	0	4	1
41433	17262	4	1
41442	12617	4	16
41451	0	4	1
41478	0	4	1
41487	15579	4	4
41496	22235	4	1
41505	0	4	1
41666	0	4	1
41675	11118	4	16
41684	1755	4	1
41693	0	4	1
41756	0	4	1
41765	9234	4	16
41774	0	4	1
41783	0	4	1
41792	9819	4	16
41801	0	4	1
41819	0	4	1
41827	18834	4	16
41836	0	4	1
41962	0	4	1
41971	9819	4	16
41980	0	4	1
41998	0	4	1
42007	11995	4	1
42016	20169	4	16
42025	0	4	1
42034	0	4	1
42043	30720	4	4
42052	0	4	1
42141	0	4	1
42150	14555	4	4
42159	15982	4	16
42168	0	4	1
42249	0	4	1
42258	16841	4	16
42267	0	4	1
42347	0	4	1
42356	30629	4	16
42365	11191	4	4
42374	0	4	1
42428	0	4	1
42437	10752	4	4
42446	0	4	1
42616	0	4	1
42625	15214	4	16
42634	6729	4	1
42643	0	4	1
42751	0	4	1
42760	28672	4	1
42768	8283	4	16
42777	0	4	1
42849	0	4	1
42858	8722	4	16
42867	0	4	1
43136	0	4	1
43145	8599	4	64
43154	0	4	1
43172	0	4	1
43181	23424	4	16
43190	21358	4	1
43199	0	4	1
43288	0	4	1
43297	26898	4	16
43306	0	4	1
43315	0	4	1
43324	1755	4	1
43333	14537	4	16
43342	0	4	1
43360	0	4	1
43369	21065	4	1
43378	20261	4	4
43387	0	4	1
43432	0	4	1
43441	15726	4	4
43450	11703	4	1
43459	0	4	1
43629	0	4	1
43638	26423	4	16
43647	0	4	1
43656	12343	4	16
43665	0	4	1
43674	23333	4	4
43683	31232	4	16
43692	0	4	1
43701	14336	4	1
43710	0	4	1
43790	0	4	1
43799	14848	4	4
43808	0	4	1
43916	0	4	1
43925	17591	4	16
43934	1170	4	1
43943	0	4	1
43951	0	4	1
43960	30281	4	4
43969	0	4	1
44005	0	4	1
44014	17554	4	4
44023	0	4	1
44095	0	4	1
44104	13111	4	16
44113	0	4	1
44176	0	4	1
44184	17938	4	16
44193	10734	4	16
44202	0	4	1
44292	0	4	1
44301	14683	4	16
44310	0	4	1
44328	0	4	1
44337	9362	4	16
44346	0	4	1
44355	0	4	1
44364	31598	4	4
44373	0	4	1
44382	0	4	1
44391	18359	4	4
44400	0	4	1
44642	0	4	1
44651	12160	4	16
44659	24137	4	16
44668	0	4	1
44848	0	4	1
44857	32622	4	4
44866	878	4	1
44875	0	4	1
44884	0	4	1
44892	15415	4	16
44901	0	4	1
44928	0	4	1
44937	29111	4	16
44946	0	4	1
44982	0	4	1
44991	21870	4	4
45000	0	4	1
45081	0	4	1
45090	14647	4	16
45099	0	4	1
45143	0	4	1
45152	29367	4	16
45161	0	4	1
45287	0	4	1
45296	18999	4	16
45305	0	4	1
45314	28160	4	4
45323	1755	4	1
45332	18523	4	16
45341	23113	4	16
45350	1170	4	1
45359	22418	4	16
45367	0	4	1
45376	7899	4	1
45385	9947	4	4
45394	0	4	1
45403	0	4	1
45412	8338	4	4
45421	2048	4	1
45430	0	4	1
45457	0	4	1
45466	5559	4	1
45475	0	4	1
45636	0	4	1
45645	6144	4	1
45654	12800	4	16
45663	0	4	1
45833	0	4	1
45842	9509	4	16
45851	10496	4	16
45860	0	4	1
45887	0	4	1
45896	19822	4	16
45905	14629	4	1
45914	0	4	1
45932	0	4	1
45941	22693	4	16
45950	8375	4	16
45959	0	4	1
45968	0	4	1
45977	10533	4	16
45986	0	4	1
45995	12745	4	16
46004	12709	4	16
46013	0	4	1
46147	0	4	1
46156	10002	4	16
46165	0	4	1
46210	0	4	1
46219	14043	4	4
46228	26624	4	4
46237	0	4	1
46273	0	4	1
46282	16110	4	16
46291	0	4	1
46416	0	4	1
46425	9029	4	64
46434	11264	4	16
46443	0	4	1
46524	0	4	1
46533	16037	4	16
46541	0	4	1
46559	0	4	1
46568	23406	4	1
46577	0	4	1
46658	0	4	1
46667	13824	4	16
46676	0	4	1
46730	0	4	1
46739	9143	4	4
46748	19602	4	1
46757	0	4	1
46783	0	4	1
46792	27648	4	4
46801	0	4	1
47106	0	4	1
47115	15360	4	4
47124	25015	4	4
47133	0	4	1
47276	0	4	1
47285	14665	4	16
47294	11630	4	4
47303	0	4	1
47384	0	4	1
47393	2926	4	1
47402	18633	4	16
47411	0	4	1
47500	0	4	1
47509	9874	4	16
47518	30501	4	4
47527	0	4	1
47608	0	4	1
47617	21797	4	16
47626	0	4	1
47662	0	4	1
47671	22309	4	4
47680	11922	4	4
47689	0	4	1
47957	0	4	1
47966	27813	4	16
47975	2926	4	1
47984	0	4	1
48083	0	4	1
48092	24942	4	4
48101	0	4	1
48110	0	4	1
48119	27227	4	16
48128	0	4	1
48226	0	4	1
48235	19950	4	16
48244	0	4	1
48298	0	4	1
48307	12800	4	4
48316	10258	4	16
48325	0	4	1
48594	0	4	1
48603	20041	4	4
48612	0	4	1
48648	0	4	1
48657	8686	4	16
48665	17554	4	1
48674	0	4	1
48728	0	4	1
48737	19090	4	16
48746	0	4	1
48970	0	4	1
48979	32402	4	4
48988	0	4	1
49024	0	4	1
49033	8631	4	4
49042	2048	4	1
49051	0	4	1
49078	0	4	1
49087	21285	4	4
49096	30720	4	1
49105	0	4	1
49114	31525	4	4
49123	0	4	1
49257	0	4	1
49266	27721	4	4
49275	0	4	1
49311	0	4	1
49320	10331	4	16
49329	0	4	1
49454	0	4	1
49463	8997	4	16
49472	0	4	1
49481	0	4	1
49490	10313	4	16
49499	0	4	1
49580	0	4	1
49589	12946	4	16
49598	0	4	1
50073	0	4	1
50081	5266	4	1
50090	5851	4	1
50099	19767	4	16
50108	0	4	1
50350	0	4	1
50359	21723	4	4
50368	0	4	1
50422	0	4	1
50431	11081	4	16
50440	0	4	1
50718	0	4	1
50727	20480	4	1
50736	8686	4	16
50745	0	4	1
50933	0	4	1
50942	32475	4	4
50951	0	4	1
50996	0	4	1
51005	8704	4	4
51014	23552	4	4
51023	0	4	1
51058	0	4	1
51067	3218	4	1
51076	0	4	1
51202	0	4	1
51211	21431	4	4
51220	4681	4	1
51229	0	4	1
51327	0	4	1
51336	14281	4	16
51345	29257	4	1
51354	0	4	1
51462	0	4	1
51471	8411	4	16
51480	0	4	1
51704	0	4	1
51713	23040	4	4
51722	0	4	1
51865	0	4	1
51874	19383	4	4
51883	0	4	1
51919	0	4	1
51928	585	4	1
51937	0	4	1
51964	0	4	1
51972	14921	4	16
51981	12032	4	16
51990	0	4	1
52044	0	4	1
52053	5266	4	1
52062	3803	4	1
52071	0	4	1
52331	0	4	1
52340	14994	4	16
52349	0	4	1
52367	0	4	1
52376	18944	4	4
52385	0	4	1
52412	0	4	1
52421	15909	4	16
52430	6729	4	1
52439	0	4	1
52609	0	4	1
52618	11831	4	16
52627	0	4	1
52663	0	4	1
52672	11301	4	16
52680	0	4	1
52698	0	4	1
52707	29842	4	1
52716	13001	4	16
52725	0	4	1
52887	0	4	1
52896	17627	4	4
52905	0	4	1
52913	0	4	1
52922	4974	4	1
52931	24704	4	16
52940	0	4	1
53003	0	4	1
53012	24046	4	16
53021	0	4	1
53030	8338	4	4
53039	24283	4	1
53048	0	4	1
53057	0	4	1
53066	8338	4	4
53075	26770	4	4
53084	0	4	1
53828	0	4	1
53837	13568	4	16
53846	585	4	1
53855	0	4	1
53917	0	4	1
53926	17481	4	16
53935	0	4	1
54016	0	4	1
54025	8754	4	64
54034	0	4	1
54464	0	4	1
54473	27941	4	4
54482	0	4	1
54491	9362	4	16
54500	0	4	1
54607	0	4	1
54616	8265	4	4
54625	0	4	1
54706	0	4	1
54715	15305	4	16
54724	0	4	1
54912	0	4	1
54921	22382	4	4
54930	0	4	1
54966	0	4	1
54975	9221	4	64
54984	10747	4	64
54993	23333	4	16
55002	2048	4	1
55011	0	4	1
55046	0	4	1
55055	19456	4	4
55064	14738	4	16
55073	9947	4	1
55082	0	4	1
55109	0	4	1
55118	11593	4	16
55127	0	4	1
55226	0	4	1
55235	14574	4	16
55244	0	4	1
55342	0	4	1
55351	11319	4	16
55360	0	4	1
55539	0	4	1
55548	12178	4	16
55557	0	4	1
55575	0	4	1
55584	13751	4	16
55593	0	4	1
55692	0	4	1
55701	19310	4	4
55710	1463	4	1
55719	0	4	1
55745	0	4	1
55754	11922	4	16
55763	8265	4	4
55772	0	4	1
55781	31086	4	4
55790	18139	4	1
55799	0	4	1
55970	0	4	1
55979	11890	4	64
55987	0	4	1
55996	0	4	1
56005	9966	4	16
56014	8704	4	16
56023	0	4	1
56095	0	4	1
56104	11483	4	16
56113	0	4	1
56194	0	4	1
56203	21504	4	16
56212	0	4	1
56382	0	4	1
56391	25088	4	4
56400	8576	4	16
56409	0	4	1
56453	0	4	1
56462	11026	4	16
56471	0	4	1
56525	0	4	1
56534	10185	4	16
56543	1170	4	1
56552	0	4	1
56839	0	4	1
56848	26569	4	16
56857	0	4	1
56937	0	4	1
56946	293	4	1
56955	0	4	1
57099	0	4	1
57108	26112	4	4
57117	0	4	1
57170	0	4	1
57179	21577	4	4
57188	0	4	1
57242	0	4	1
57251	14958	4	16
57260	0	4	1
57296	0	4	1
57305	14043	4	1
57314	0	4	1
57403	0	4	1
57412	9691	4	16
57421	18725	4	1
57430	0	4	1
57520	0	4	1
57529	12288	4	16
57538	0	4	1
57547	19109	4	16
57556	11410	4	1
57565	0	4	1
57610	0	4	1
57619	12434	4	4
57628	0	4	1
57681	0	4	1
57690	17701	4	4
57699	27429	4	4
57708	0	4	1
57717	0	4	1
57726	28818	4	4
57735	12800	4	4
57744	0	4	1
58040	0	4	1
58049	11630	4	16
58058	0	4	1
58255	0	4	1
58264	30427	4	4
58273	15287	4	4
58282	0	4	1
58551	0	4	1
58560	8869	4	16
58569	14117	4	4
58577	0	4	1
58703	0	4	1
58712	10587	4	64
58721	0	4	1
58900	0	4	1
58909	12946	4	16
58918	12270	4	16
58927	0	4	1
58936	0	4	1
58945	15671	4	16
58954	30647	4	4
58963	0	4	1
59052	0	4	1
59061	2926	4	1
59070	11483	4	16
59079	0	4	1
59088	0	4	1
59097	19511	4	16
59106	0	4	1
59411	0	4	1
59420	11648	4	16
59429	0	4	1
59438	12983	4	16
59447	0	4	1
59599	0	4	1
59608	14299	4	16
59617	0	4	1
59796	0	4	1
59805	15817	4	16
59814	9947	4	1
59823	14391	4	16
59832	17554	4	1
59841	17737	4	16
59850	0	4	1
59949	0	4	1
59958	14903	4	16
59967	0	4	1
60316	0	4	1
60325	19090	4	4
60334	0	4	1
60468	0	4	1
60477	13842	4	16
60486	0	4	1
60576	0	4	1
60585	7899	4	1
60594	0	4	1
60621	0	4	1
60630	10441	4	16
60639	9655	4	4
60648	0	4	1
60710	0	4	1
60719	16530	4	4
60728	0	4	1
60961	0	4	1
60970	1755	4	1
60979	0	4	1
61087	0	4	1
61096	4681	4	1
61105	10587	4	16
61114	0	4	1
61123	0	4	1
61132	9783	4	16
61141	0	4	1
61221	0	4	1
61230	9490	4	16
61239	0	4	1
61392	0	4	1
61401	21285	4	4
61409	11483	4	4
61418	0	4	1
61616	0	4	1
61625	11557	4	4
61634	0	4	1
61696	0	4	1
61705	32475	4	1
61714	14651	4	64
61723	0	4	1
61884	0	4	1
61893	13952	4	16
61902	0	4	1
62189	0	4	1
62198	19986	4	16
62207	293	4	1
62216	0	4	1
62404	0	4	1
62413	25015	4	4
62422	29550	4	1
62431	9947	4	1
62440	0	4	1
62503	0	4	1
62512	10478	4	16
62521	0	4	1
62637	0	4	1
62646	31671	4	4
62655	0	4	1
62825	0	4	1
62834	21870	4	4
62843	0	4	1
63238	0	4	1
63247	29403	4	4
63256	3218	4	1
63265	0	4	1
63533	0	4	1
63542	10496	4	16
63551	0	4	1
63587	0	4	1
63596	24283	4	4
63605	12782	4	16
63614	10752	4	4
63623	15488	4	16
63632	0	4	1
63749	0	4	1
63758	12526	4	16
63766	0	4	1
63847	0	4	1
63856	14921	4	4
63865	0	4	1
63946	0	4	1
63955	12105	4	16
63964	0	4	1
63982	0	4	1
63991	293	4	1
64000	0	4	1
