<Function 1, scan #0, time 0.0034000000450760126>
00-18-C7-37-88-4E	7E-49-05-EA-38-6E
raw_mcr	raw_count	mcr_multiplier	count_gain
13107200	0	1	1
13263212	0	1	1
13272388	11264	1	16
13281566	9984	1	16
13290742	25874	1	16
13299920	21614	1	16
13309096	21047	1	16
13318274	0	1	1
13327452	15310	1	64
13336628	17664	1	64
13345806	14793	1	256
13354982	30703	1	256
13364160	10245	1	1024
13373336	12594	1	1024
13382514	15823	1	1024
13391690	14365	1	1024
13400868	13833	1	1024
13410044	14551	1	1024
13419222	12435	1	1024
13428400	12011	1	1024
13437576	8715	1	1024
13446754	17949	1	256
13455930	10761	1	64
13465108	14322	1	64
13474284	28946	1	64
13483462	21696	1	64
13492638	10634	1	256
13501816	20933	1	64
13510994	12117	1	256
13520170	28174	1	64
13529348	9249	1	256
13538524	13746	1	256
13547702	32421	1	64
13556878	22962	1	64
13566056	19643	1	64
13575232	22446	1	64
13584410	17605	1	64
13593588	8809	1	64
13602764	9870	1	256
13611942	10285	1	256
13621118	23392	1	64
13630296	14722	1	256
13639472	30738	1	64
13648650	27936	1	64
13657826	15646	1	256
13667004	26647	1	64
13676182	17079	1	256
13685358	11810	1	256
13694536	9218	1	256
13703712	14034	1	64
13712890	20667	1	64
13722066	8823	1	64
13731244	10149	1	16
13740420	24137	1	64
13749598	8417	1	256
13758774	8627	1	256
13767952	19808	1	64
13777130	20590	1	64
13786306	8421	1	64
13795484	14624	1	64
13804660	13806	1	16
13813838	18158	1	64
13823014	29147	1	16
13832192	25490	1	16
13841368	8375	1	64
13850546	20261	1	16
13859724	16859	1	64
13868900	29271	1	64
13878078	8430	1	64
13887254	10158	1	64
13896432	24082	1	16
13905608	29038	1	4
13914786	3218	1	1
13923962	17010	1	64
13933140	27575	1	16
13942318	0	1	1
13951494	9070	1	16
13960672	17115	1	4
13969848	8997	1	64
13979026	27026	1	16
13988202	11858	1	256
13997380	24430	1	16
14006556	16677	1	16
14015734	18395	1	16
14024910	0	1	1
14034088	23557	1	64
14043266	14446	1	16
14052442	27246	1	16
14061620	0	1	1
14070796	8430	1	16
14079974	8315	1	64
14089150	0	1	1
14098328	293	1	1
14107504	25966	1	16
14116682	32014	1	64
14125860	29056	1	64
14135036	8681	1	256
14144214	11607	1	64
14153390	30629	1	64
14162568	17682	1	64
14171744	11035	1	64
14180922	17810	1	64
14190098	22030	1	64
14199276	12087	1	256
14208454	15177	1	64
14217630	10018	1	256
14226808	10514	1	16
14235984	2926	1	1
14245162	15790	1	64
14254338	12384	1	64
14263516	14491	1	64
14272692	15911	1	256
14281870	24850	1	64
14291048	10094	1	256
14300224	10647	1	256
14309402	11281	1	256
14318578	32306	1	64
14327756	14512	1	256
14336932	10650	1	256
14346110	30587	1	64
14355286	15414	1	256
14364464	21059	1	256
14373640	19675	1	256
14382818	9371	1	1024
14391996	12318	1	1024
14401172	10244	1	1024
14410350	15523	1	1024
14419526	13325	1	1024
14428704	16378	1	1024
14437880	16147	1	1024
14447058	18814	1	1024
14456234	15507	1	1024
14465412	13274	1	1024
14474590	14253	1	1024
14483766	26954	1	256
14492944	23422	1	256
14502120	19451	1	256
14511298	27326	1	256
14520474	9953	1	1024
14529652	21040	1	256
14538828	10805	1	1024
14548006	11128	1	1024
14557184	9564	1	1024
14566360	28203	1	256
14575538	10405	1	1024
14584714	9789	1	1024
14593892	12018	1	1024
14603068	30685	1	256
14612246	21847	1	256
14621422	11520	1	256
14630600	12402	1	256
14639778	21877	1	256
14648954	15670	1	256
14658132	19377	1	256
14667308	21558	1	256
14676486	16209	1	256
14685662	16530	1	256
14694840	15942	1	256
14704016	22738	1	64
14713194	8454	1	256
14722370	13582	1	64
14731548	16489	1	64
14740726	18894	1	64
14749902	27648	1	16
14759080	16837	1	64
14768256	15959	1	64
14777434	9851	1	64
14786610	9486	1	64
14795788	19570	1	64
14804964	16507	1	64
14814142	8741	1	64
14823320	17646	1	16
14832496	21376	1	64
14841674	18610	1	64
14850850	8219	1	64
14860028	13184	1	64
14869204	13531	1	4
14878382	21394	1	16
14887558	14510	1	64
14896736	32293	1	64
14905914	18688	1	64
14915090	26135	1	64
14924268	31173	1	64
14933444	10519	1	64
14942622	18487	1	64
14951798	9709	1	256
14960976	14394	1	256
14970152	9517	1	256
14979330	8907	1	256
14988506	12901	1	256
14997684	15082	1	256
15006862	9211	1	256
15016038	8536	1	256
15025216	13064	1	256
15034392	18103	1	64
15043570	10403	1	256
15052746	10232	1	256
15061924	13745	1	256
15071100	18185	1	64
15080278	24160	1	64
15089456	23323	1	64
15098632	11067	1	64
15107810	8214	1	256
15116986	14245	1	64
15126164	9632	1	64
15135340	24114	1	64
15144518	13445	1	64
15153694	2048	1	1
15162872	27392	1	16
15172050	19945	1	64
15181226	13280	1	64
15190404	9947	1	4
15199580	10382	1	64
15208758	8622	1	64
15217934	11968	1	64
15227112	11813	1	16
15236288	12654	1	64
15245466	9330	1	64
15254644	878	1	1
15263820	0	1	1
15272998	28251	1	16
15282174	1170	1	1
15291352	878	1	1
15300528	30866	1	4
15309706	0	1	1
15318882	585	1	1
15328060	2926	1	1
15337236	293	1	1
15346414	10551	1	16
15355592	21870	1	16
15364768	4974	1	1
15373946	32283	1	64
15383122	878	1	1
15392300	0	1	1
15401476	0	1	1
15410654	10331	1	16
15419830	19895	1	16
15429008	21321	1	16
15438186	21083	1	64
15447362	10409	1	64
15456540	14281	1	16
15465716	10171	1	64
15474894	9536	1	64
15484070	16603	1	16
15493248	16718	1	64
15502424	12261	1	64
15511602	0	1	1
15520780	27959	1	16
15529956	9618	1	64
15539134	293	1	1
15548310	12489	1	16
15557488	0	1	1
15566664	0	1	1
15575842	1463	1	1
15585018	11721	1	16
15594196	18414	1	16
15603374	13751	1	1
15612550	0	1	1
15685966	0	1	1
15695144	11337	1	16
15704322	8357	1	16
15713498	22016	1	4
15722676	4096	1	1
15731852	19749	1	16
15741030	0	1	1
15759384	0	1	1
15768560	9911	1	16
15777738	11506	1	64
15786916	20773	1	1
15796092	0	1	1
15851154	0	1	1
15860332	16494	1	16
15869510	10002	1	16
15878686	10469	1	64
15887864	0	1	1
15897040	6144	1	1
15906218	19749	1	4
15915394	11150	1	64
15924572	15817	1	16
15933748	0	1	1
15942926	0	1	1
15952104	12471	1	16
15961280	0	1	1
15970458	28709	1	16
15979634	23515	1	16
15988812	9184	1	64
15997988	12654	1	64
16007166	25600	1	16
16016342	15369	1	64
16025520	29559	1	64
16034696	17555	1	256
16043874	20430	1	256
16053052	19413	1	256
16062228	23747	1	256
16071406	24554	1	256
16080582	19155	1	256
16089760	27639	1	64
16098936	29440	1	64
16108114	15927	1	256
16117290	11965	1	256
16126468	8873	1	64
16135646	9655	1	1
16144822	19945	1	64
16154000	11776	1	64
16163176	12434	1	64
16172354	11904	1	64
16181530	8306	1	64
16190708	10130	1	16
16199884	4974	1	1
16209062	8997	1	4
16218240	4096	1	1
16227416	10688	1	64
16236594	17298	1	16
16245770	8850	1	64
16254948	13659	1	16
16264124	30171	1	64
16273302	27483	1	16
16282478	13691	1	64
16291656	17929	1	64
16300832	30354	1	4
16310010	30592	1	16
16319188	10414	1	64
16328364	24503	1	16
16337542	0	1	1
16365072	0	1	1
16374250	12910	1	16
16383426	14382	1	64
16392604	28215	1	16
16401782	14921	1	16
16410958	29842	1	4
16420136	0	1	1
16429312	13166	1	16
16438490	10770	1	16
16447666	24777	1	16
16456844	14949	1	64
16466020	14075	1	64
16475198	12251	1	16
16484376	21184	1	64
16493552	14497	1	256
16502730	17138	1	64
16511906	8198	1	256
16521084	31689	1	64
16530260	9830	1	256
16539438	28814	1	64
16548614	25339	1	64
16557792	20073	1	64
16566970	21993	1	64
16576146	9234	1	16
16585324	29093	1	16
16594500	15049	1	16
16603678	0	1	1
16612854	0	1	1
16622032	19474	1	16
16631208	15470	1	16
16640386	25966	1	4
16649562	8521	1	16
16658740	26917	1	1
16667918	13678	1	4
16677094	10295	1	16
16686272	10496	1	16
16695448	15872	1	4
16704626	9714	1	64
16713802	585	1	1
16722980	0	1	1
16732156	23442	1	16
16741334	12800	1	4
16750512	11259	1	64
16759688	13897	1	4
16768866	10331	1	16
8389022	31305	2	1
8393610	878	2	1
8398198	0	2	1
8402788	10258	2	64
8407376	12379	2	16
8411964	10825	2	1
8416552	17262	2	4
8421142	22235	2	4
8425730	13202	2	16
8430318	0	2	1
8444084	0	2	1
8448672	8773	2	64
8453262	14043	2	1
8457850	16183	2	16
8462438	20773	2	4
8467026	0	2	1
8471616	29550	2	16
8476204	0	2	1
8480792	26825	2	16
8485382	18176	2	16
8489970	10021	2	16
8494558	10807	2	64
8499146	26295	2	16
8503736	13225	2	64
8508324	16338	2	64
8512912	12517	2	64
8517500	14043	2	16
8522090	18574	2	64
8526678	26469	2	64
8531266	14683	2	64
8535856	12224	2	64
8540444	13463	2	64
8545032	12873	2	16
8549620	4389	2	1
8554210	28773	2	64
8558798	15739	2	64
8563386	13422	2	64
8567976	19854	2	64
8572564	29710	2	64
8577152	11506	2	64
8581740	10546	2	64
8586330	10112	2	64
8590918	28960	2	64
8595506	22693	2	64
8600094	9214	2	256
8604684	19447	2	64
8609272	25522	2	64
8613860	15593	2	64
8618450	20146	2	64
8623038	21614	2	16
8627626	20622	2	64
8632214	24855	2	64
8636804	22235	2	64
8641392	29600	2	64
8645980	19328	2	64
8650568	21605	2	64
8655158	19909	2	64
8659746	18994	2	64
8664334	24247	2	64
8668924	17614	2	64
8673512	9527	2	64
8678100	24210	2	16
8682688	12142	2	64
8687278	15415	2	16
8691866	10679	2	4
8696454	2048	2	1
8701044	31561	2	16
8705632	0	2	1
8710220	26149	2	16
8714808	0	2	1
8719398	27593	2	16
8723986	11849	2	4
8728574	0	2	1
8733162	15963	2	16
8737752	0	2	1
8751518	0	2	1
8756106	11995	2	16
8760694	14318	2	16
8765282	0	2	1
8769872	0	2	1
8774460	25874	2	16
8779048	24576	2	4
8783636	9216	2	16
8788226	0	2	1
8792814	0	2	1
8797402	15323	2	16
8801992	18597	2	16
8806580	14336	2	1
8811168	1755	2	1
8815756	0	2	1
8824934	0	2	1
8829522	19529	2	16
8834112	0	2	1
8838700	11319	2	16
8843288	0	2	1
8847876	22821	2	16
8852466	0	2	1
8884586	0	2	1
8889174	10405	2	16
8893762	19986	2	16
8898350	23735	2	16
8902940	15799	2	1
8907528	11163	2	64
8912116	14976	2	64
8916704	0	2	1
8921294	0	2	1
8925882	12594	2	64
8930470	22235	2	1
8935060	16055	2	16
8939648	0	2	1
8958002	0	2	1
8962590	8631	2	4
8967180	20718	2	16
8971768	8777	2	1
8976356	0	2	1
8980944	31963	2	4
8985534	293	2	1
8990122	0	2	1
9017654	0	2	1
9022242	9710	2	16
9026830	0	2	1
9031418	0	2	1
9036008	8329	2	64
9040596	10569	2	64
9045184	11922	2	4
9049774	10222	2	16
9054362	10075	2	64
9058950	13170	2	64
9063538	10880	2	64
9068128	0	2	1
9072716	8192	2	4
9077304	0	2	1
9086482	0	2	1
9091070	8192	2	16
9095658	0	2	1
9100248	9161	2	16
9104836	25307	2	4
9109424	9015	2	16
9114012	0	2	1
9118602	13239	2	16
9123190	10295	2	16
9127778	11776	2	64
9132366	20425	2	16
9136956	16677	2	4
9141544	0	2	1
9159898	0	2	1
9164486	15287	2	16
9169076	22528	2	4
9173664	24576	2	1
9178252	13577	2	64
9182842	13166	2	1
9187430	14043	2	16
9192018	11214	2	64
9196606	10697	2	16
9201196	293	2	1
9205784	24064	2	4
9210372	29623	2	4
9214960	0	2	1
9219550	0	2	1
9224138	9509	2	4
9228726	28233	2	4
9233316	14153	2	16
9237904	0	2	1
9242492	15945	2	4
9247080	12178	2	16
9251670	13678	2	4
9256258	0	2	1
9260846	30793	2	4
9265434	28434	2	16
9270024	15671	2	16
9274612	8667	2	16
9279200	22162	2	4
9283790	14501	2	16
9288378	1463	2	1
9292966	0	2	1
9297554	29623	2	16
9302144	8663	2	64
9306732	9467	2	64
9311320	26295	2	16
9315910	13015	2	64
9320498	31817	2	4
9325086	26624	2	1
9329674	15214	2	16
9334264	9070	2	16
9338852	0	2	1
9352618	0	2	1
9357206	17211	2	64
9361794	14706	2	64
9366384	13056	2	16
9370972	9422	2	64
9375560	28251	2	16
9380148	10135	2	64
9384738	18011	2	16
9389326	10624	2	16
9393914	15433	2	64
9398504	10267	2	64
9403092	9486	2	64
9407680	15214	2	1
9412268	0	2	1
9416858	293	2	1
9421446	11995	2	4
9426034	30025	2	16
9430622	16457	2	4
9435212	15424	2	64
9439800	17408	2	16
9444388	25929	2	16
9448978	17499	2	16
9453566	11017	2	64
9458154	8846	2	64
9462742	18487	2	16
9467332	0	2	1
9476508	0	2	1
9481096	27429	2	16
9485686	8594	2	64
9490274	10953	2	64
9494862	22405	2	64
9499452	19529	2	64
9504040	31433	2	64
9508628	22839	2	16
9513216	13166	2	16
9517806	14158	2	64
9522394	17879	2	64
9526982	9746	2	64
9531572	23643	2	16
9536160	29093	2	16
9540748	12215	2	16
9545336	15232	2	16
9549926	12635	2	64
9554514	11410	2	1
9559102	19109	2	16
9563690	10185	2	16
9568280	0	2	1
9572868	0	2	1
9577456	9435	2	16
9582046	0	2	1
9586634	11246	2	16
9591222	0	2	1
9604988	0	2	1
9609576	16347	2	16
9614164	0	2	1
9618754	28562	2	16
9623342	26990	2	4
9627930	9467	2	64
9632520	22491	2	16
9637108	8558	2	4
9641696	10446	2	64
9646284	11703	2	1
9650874	14629	2	16
9655462	19054	2	16
9660050	11429	2	16
9664640	10149	2	16
9669228	8613	2	16
9673816	0	2	1
9682994	0	2	1
9687582	18889	2	16
9692170	15872	2	4
9696758	0	2	1
9710524	0	2	1
9715114	20023	2	16
9719702	0	2	1
9724290	24411	2	16
9728878	5266	2	1
9733468	0	2	1
9738056	0	2	1
9742644	28471	2	16
9747232	25088	2	16
9751822	11630	2	16
9756410	0	2	1
9760998	0	2	1
9765588	11282	2	16
9770176	22747	2	4
9774764	12471	2	16
9779352	30939	2	4
9783942	15707	2	16
9788530	0	2	1
9793118	24667	2	16
9797708	16457	2	4
9802296	0	2	1
9806884	0	2	1
9811472	20773	2	1
9816062	0	2	1
9820650	0	2	1
9825238	11497	2	64
9829826	26953	2	16
9834416	30354	2	4
9839004	19584	2	16
9843592	0	2	1
9852770	0	2	1
9857358	18962	2	16
9861946	21065	2	4
9866536	7314	2	1
9871124	0	2	1
9875712	0	2	1
9880302	25966	2	4
9884890	0	2	1
9894066	0	2	1
9898656	27502	2	4
9903244	9097	2	64
9907832	0	2	1
9917010	0	2	1
9921598	18304	2	16
9926186	878	2	1
9930776	0	2	1
9935364	293	2	1
9939952	0	2	1
9958306	0	2	1
9962894	10533	2	16
9967484	0	2	1
9972072	22674	2	16
9976660	12873	2	1
9981250	0	2	1
9985838	0	2	1
9990426	14939	2	16
9995014	15506	2	1
9999604	0	2	1
10004192	0	2	1
10008780	9710	2	16
10013370	26587	2	16
10017958	1463	2	1
10022546	0	2	1
10027134	27648	2	4
10031724	5559	2	1
10036312	0	2	1
10077608	0	2	1
10082198	18761	2	16
10086786	0	2	1
10091374	13792	2	64
10095962	16969	2	1
10100552	24576	2	1
10105140	8686	2	64
10109728	14071	2	64
10114318	12123	2	16
10118906	30135	2	4
10123494	15214	2	1
10128082	0	2	1
10141848	0	2	1
10146438	19529	2	16
10151026	20718	2	16
10155614	29495	2	16
10160202	8814	2	16
10164792	0	2	1
10169380	26039	2	16
10173968	18578	2	16
10178556	19602	2	4
10183146	29184	2	16
10187734	6729	2	1
10192322	0	2	1
10196912	0	2	1
10201500	293	2	1
10206088	0	2	1
10229030	0	2	1
10233620	14117	2	16
10238208	293	2	1
10242796	0	2	1
10247386	0	2	1
10251974	9216	2	16
10256562	9161	2	16
10261150	27063	2	4
10265740	0	2	1
10270328	0	2	1
10274916	26313	2	16
10279506	18249	2	16
10284094	16219	2	16
10288682	19749	2	4
10293270	14830	2	16
10297860	15634	2	16
10302448	11008	2	16
10307036	13019	2	16
10311624	16238	2	16
10316214	8773	2	64
10320802	32421	2	16
10325390	12123	2	16
10329980	8741	2	16
10334568	15579	2	16
10339156	0	2	1
10343744	12910	2	64
10348334	21961	2	16
10352922	22011	2	64
10357510	8805	2	64
10362100	10482	2	64
10366688	21961	2	16
10371276	15310	2	64
10375864	13527	2	64
10380454	19451	2	64
10385042	15575	2	64
10389630	15561	2	64
10394218	9435	2	64
10398808	8999	2	256
10403396	8417	2	256
10407984	8763	2	256
10412574	21151	2	256
10417162	22544	2	256
10421750	15459	2	256
10426338	18563	2	256
10430928	9144	2	256
10435516	10967	2	256
10440104	9745	2	256
10444692	8725	2	256
10449282	9029	2	64
10453870	12023	2	64
10458458	18139	2	4
10463048	585	2	1
10467636	26112	2	4
10472224	26423	2	16
10476812	11497	2	64
10481402	27995	2	16
10485990	29038	2	4
10490578	21102	2	16
10495168	18706	2	16
10499756	9701	2	64
10504344	12544	2	16
10508932	9074	2	64
10513522	20846	2	4
10518110	0	2	1
10522698	27008	2	16
10527286	14427	2	16
10531876	29769	2	4
10536464	13422	2	16
10541052	15963	2	16
10545642	20480	2	16
10550230	8795	2	64
10554818	28379	2	4
10559406	0	2	1
10563996	8485	2	16
10568584	21431	2	16
10573172	293	2	1
10577760	293	2	1
10582350	0	2	1
10586938	0	2	1
10591526	1463	2	1
10596116	0	2	1
10600704	0	2	1
10605292	14245	2	16
10609880	9490	2	16
10614470	0	2	1
10619058	13664	2	64
10623646	15561	2	16
10628236	0	2	1
10646590	0	2	1
10651178	15159	2	16
10655766	0	2	1
10678710	0	2	1
10683298	8485	2	1
10687886	12288	2	1
10692474	0	2	1
10697064	12343	2	16
10701652	15342	2	16
10706240	0	2	1
10710828	15634	2	16
10715418	0	2	1
10720006	0	2	1
10724594	20407	2	4
10729184	29038	2	16
10733772	13422	2	16
10738360	0	2	1
10742948	6729	2	1
10747538	24357	2	16
10752126	22217	2	16
10756714	28087	2	4
10761304	0	2	1
10765892	22016	2	4
10770480	0	2	1
10779658	0	2	1
10784246	18121	2	16
10788834	293	2	1
10793422	0	2	1
10798012	0	2	1
10802600	10094	2	16
10807188	0	2	1
10825542	0	2	1
10830132	17440	2	64
10834720	17591	2	16
10839308	0	2	1
10843898	21614	2	16
10848486	8485	2	1
10853074	0	2	1
10862252	0	2	1
10866840	25234	2	4
10871428	30939	2	4
10876016	0	2	1
10894372	0	2	1
10898960	23698	2	16
10903548	13093	2	4
10908136	22455	2	4
10912726	15726	2	16
10917314	7314	2	1
10921902	30354	2	4
10926490	14117	2	4
10931080	16658	2	64
10935668	8992	2	64
10940256	15799	2	1
10944846	19310	2	1
10949434	8402	2	64
10954022	28782	2	16
10958610	9385	2	64
10963200	19383	2	16
10967788	14469	2	64
10972376	26002	2	16
10976966	1463	2	1
10981554	0	2	1
10986142	293	2	1
10990730	14793	2	16
10995320	0	2	1
10999908	293	2	1
11004496	0	2	1
11009084	0	2	1
11013674	293	2	1
11018262	0	2	1
11022850	32183	2	4
11027440	0	2	1
11050382	0	2	1
11054970	15817	2	16
11059558	9947	2	4
11064148	16695	2	16
11068736	0	2	1
11082502	0	2	1
11087090	31744	2	4
11091678	17847	2	4
11096268	0	2	1
11100856	0	2	1
11105444	12009	2	64
11110034	29403	2	4
11114622	0	2	1
11119210	0	2	1
11123798	12891	2	16
11128388	0	2	1
11132976	0	2	1
11137564	293	2	1
11142152	0	2	1
11146742	24795	2	16
11151330	23863	2	16
11155918	878	2	1
11160508	11483	2	16
11165096	18725	2	16
11169684	18633	2	16
11174272	9015	2	16
11178862	0	2	1
11188038	0	2	1
11192628	9783	2	16
11197216	0	2	1
11201804	14587	2	64
11206392	17975	2	16
11210982	21358	2	16
11215570	12270	2	16
11220158	10606	2	4
11224746	28544	2	16
11229336	0	2	1
11233924	18121	2	16
11238512	30299	2	16
11243102	0	2	1
11252278	0	2	1
11256866	30281	2	4
11261456	8485	2	4
11266044	13074	2	16
11270632	8704	2	4
11275220	0	2	1
11279810	12197	2	64
11284398	23881	2	16
11288986	22546	2	16
11293576	0	2	1
11298164	12763	2	16
11302752	26331	2	4
11307340	0	2	1
11330284	0	2	1
11334872	26661	2	16
11339460	17554	2	16
11344050	4681	2	1
11348638	9751	2	64
11353226	21467	2	16
11357814	14208	2	16
11362404	19035	2	16
11366992	0	2	1
11385346	0	2	1
11389934	9874	2	4
11394524	14025	2	16
11399112	0	2	1
11403700	0	2	1
11408288	13056	2	16
11412878	9806	2	64
11417466	0	2	1
11426644	0	2	1
11431232	15067	2	4
11435820	10734	2	16
11440408	14025	2	16
11444998	0	2	1
11472528	0	2	1
11477118	11685	2	16
11481706	13659	2	16
11486294	0	2	1
11490882	10533	2	1
11495472	19749	2	4
11500060	16750	2	16
11504648	0	2	1
11509238	19877	2	16
11513826	20187	2	1
11518414	19547	2	16
11523002	0	2	1
11532180	0	2	1
11536768	9728	2	16
11541356	24064	2	4
11545946	9637	2	16
11550534	0	2	1
11555122	17847	2	16
11559712	2048	2	1
11564300	293	2	1
11568888	13033	2	64
11573476	23241	2	16
11578066	0	2	1
11582654	0	2	1
11587242	17902	2	16
11591832	2926	2	1
11596420	15858	2	64
11601008	24082	2	16
11605596	0	2	1
11610186	12379	2	16
11614774	15982	2	16
11619362	25673	2	16
11623950	15890	2	16
11628540	12549	2	64
11633128	9605	2	64
11637716	22747	2	4
11642306	0	2	1
11656070	0	2	1
11660660	17079	2	16
11665248	0	2	1
11669836	9161	2	16
11674426	0	2	1
11692780	0	2	1
11697368	16677	2	1
11701956	0	2	1
11720310	0	2	1
11724900	13458	2	16
11729488	10971	2	4
11734076	0	2	1
11743254	0	2	1
11747842	8942	2	16
11752430	23040	2	4
11757018	0	2	1
11784550	0	2	1
11789138	12128	2	64
11793728	9765	2	16
11798316	14793	2	16
11802904	0	2	1
11807494	0	2	1
11812082	21760	2	16
11816670	13367	2	16
11821258	0	2	1
11867144	0	2	1
11871732	10423	2	16
11876322	0	2	1
11885498	0	2	1
11890086	9710	2	16
11894676	0	2	1
11922206	0	2	1
11926796	30647	2	4
11931384	18395	2	16
11935972	0	2	1
11940562	9198	2	16
11945150	0	2	1
11954326	0	2	1
11958916	19493	2	16
11963504	0	2	1
11968092	0	2	1
11972680	9472	2	16
11977270	11666	2	16
11981858	21961	2	16
11986446	9655	2	4
11991036	11177	2	64
11995624	12069	2	16
12000212	23680	2	16
12004800	24667	2	16
12009390	9010	2	64
12013978	8233	2	64
12018566	9152	2	64
12023154	1755	2	1
12027744	0	2	1
12046098	0	2	1
12050686	23552	2	4
12055274	8777	2	4
12059864	6144	2	1
12064452	878	2	1
12069040	10368	2	16
12073630	10167	2	16
12078218	0	2	1
12091984	0	2	1
12096572	13147	2	16
12101160	0	2	1
12105748	0	2	1
12110338	9344	2	64
12114926	8530	2	64
12119514	26624	2	1
12124104	10263	2	64
12128692	9454	2	16
12133280	0	2	1
12137868	11621	2	64
12142458	31177	2	16
12147046	22455	2	4
12151634	27063	2	16
12156224	9819	2	16
12160812	0	2	1
12165400	293	2	1
12169988	0	2	1
12188342	0	2	1
12192932	7607	2	1
12197520	11483	2	4
12202108	0	2	1
12220462	0	2	1
12225052	10057	2	16
12229640	0	2	1
12234228	28873	2	16
12238816	11488	2	64
12243406	27429	2	4
12247994	11991	2	64
12252582	8773	2	64
12257172	9691	2	16
12261760	31232	2	16
12266348	12946	2	64
12270936	12178	2	64
12275526	12731	2	64
12280114	8315	2	64
12284702	17573	2	16
12289292	0	2	1
12312234	0	2	1
12316822	18633	2	16
12321410	24759	2	16
12326000	15433	2	16
12330588	17097	2	16
12335176	0	2	1
12339766	30427	2	1
12344354	0	2	1
12371884	0	2	1
12376474	11045	2	16
12381062	6437	2	1
12385650	0	2	1
12390240	25161	2	4
12394828	0	2	1
12408594	0	2	1
12413182	16457	2	4
12417770	0	2	1
12436124	0	2	1
12440714	8521	2	16
12445302	0	2	1
12518718	0	2	1
12523308	11355	2	16
12527896	0	2	1
12532484	15909	2	16
12537072	14409	2	4
12541662	0	2	1
12546250	0	2	1
12550838	16421	2	16
12555428	0	2	1
12582958	0	2	1
12587546	12800	2	4
12592136	0	2	1
12601312	0	2	1
12605902	10313	2	16
12610490	0	2	1
12615078	0	2	1
12619666	10240	2	16
12624256	0	2	1
12651786	0	2	1
12656376	13531	2	16
12660964	18377	2	16
12665552	13458	2	1
12670140	0	2	1
12729792	0	2	1
12734380	8375	2	16
12738970	8919	2	64
12743558	11355	2	16
12748146	0	2	1
12766500	0	2	1
12771090	31525	2	4
12775678	0	2	1
12780266	18853	2	16
12784854	0	2	1
12789444	0	2	1
12794032	20681	2	16
12798620	0	2	1
12803208	12745	2	16
12807798	27867	2	16
12812386	0	2	1
12839918	0	2	1
12844506	10478	2	16
12849094	2341	2	1
12853682	0	2	1
12858272	0	2	1
12862860	19566	2	16
12867448	0	2	1
12913334	0	2	1
12917922	19017	2	4
12922512	10679	2	16
12927100	0	2	1
12954632	0	2	1
12959220	10715	2	16
12963808	17262	2	1
12968396	0	2	1
12972986	0	2	1
12977574	17554	2	1
12982162	21504	2	16
12986750	8613	2	16
12991340	10386	2	4
12995928	13115	2	64
13000516	0	2	1
13005106	30427	2	1
13009694	0	2	1
13064756	0	2	1
13069344	22619	2	16
13073934	9874	2	4
13078522	0	2	1
13087700	0	2	1
13092288	8695	2	64
13096876	21358	2	1
13101464	25728	2	16
13106054	13449	2	64
13110642	11611	2	64
13115230	12069	2	16
13119820	24978	2	16
13124408	0	2	1
13128996	11461	2	64
13133584	29550	2	1
13138174	0	2	1
13142762	8338	2	16
13147350	14281	2	16
13151938	12507	2	16
13156528	0	2	1
13165704	0	2	1
13170294	10258	2	16
13174882	16677	2	16
13179470	8777	2	1
13184058	0	2	1
13220768	0	2	1
13225356	21632	2	16
13229944	25600	2	4
13234532	26935	2	16
13239122	0	2	1
13243710	0	2	1
13248298	8393	2	64
13252888	0	2	1
13257476	30062	2	4
13262064	0	2	1
13289596	0	2	1
13294184	10240	2	4
13298772	6729	2	1
13303362	10807	2	16
13307950	0	2	1
13427252	0	2	1
13431840	13019	2	16
13436430	11922	2	4
13441018	0	2	1
13445606	16256	2	16
13450194	0	2	1
13454784	23845	2	16
13459372	0	2	1
13468550	0	2	1
13473138	26331	2	1
13477726	15067	2	4
13482314	0	2	1
13500668	0	2	1
13505258	11374	2	16
13509846	19017	2	1
13514434	27794	2	4
13519024	0	2	1
13555732	0	2	1
13560320	15689	2	16
13564908	28178	2	16
13569498	0	2	1
13578674	0	2	1
13583262	9637	2	16
13587852	0	2	1
13619972	0	2	1
13624560	20773	2	4
13629148	0	2	1
13633736	0	2	1
13638326	11593	2	16
13642914	0	2	1
13656680	0	2	1
13661268	14976	2	16
13665856	10478	2	16
13670446	20480	2	16
13675034	0	2	1
13679622	0	2	1
13684210	10496	2	16
13688800	0	2	1
13693388	0	2	1
13697976	21138	2	4
13702566	10752	2	4
13707154	0	2	1
13762216	0	2	1
13766804	10971	2	4
13771394	1463	2	1
13775982	0	2	1
13785160	0	2	1
13789748	10935	2	16
13794336	18139	2	1
13798924	0	2	1
13821868	0	2	1
13826456	19017	2	16
13831044	9545	2	16
13835634	0	2	1
13844810	0	2	1
13849398	23186	2	4
13853988	585	2	1
13858576	0	2	1
13881518	0	2	1
13886108	16146	2	16
13890696	0	2	1
13918228	0	2	1
13922816	18907	2	16
13927404	20480	2	1
13931992	10587	2	16
13936582	14921	2	1
13941170	0	2	1
13954936	0	2	1
13959524	14574	2	16
13964112	293	2	1
13968702	0	2	1
13977878	0	2	1
13982466	13257	2	16
13987056	15177	2	16
13991644	14080	2	16
13996232	10203	2	16
14000822	10533	2	1
14005410	0	2	1
14014586	0	2	1
14019176	25015	2	4
14023764	0	2	1
14028352	0	2	1
14032940	9710	2	16
14037530	21266	2	16
14042118	8485	2	4
14046706	15525	2	16
14051296	0	2	1
14101770	0	2	1
14106358	23552	2	16
14110946	16165	2	16
14115534	28672	2	4
14120124	0	2	1
14216484	0	2	1
14221072	26295	2	16
14225660	21358	2	1
14230248	0	2	1
14244014	0	2	1
14248602	18048	2	16
14253192	0	2	1
14317432	0	2	1
14322020	15799	2	16
14326608	9947	2	4
14331196	0	2	1
14377082	0	2	1
14381670	14245	2	16
14386260	23790	2	16
14390848	0	2	1
14400026	0	2	1
14404614	21504	2	16
14409202	0	2	1
14413790	11794	2	16
14418380	585	2	1
14422968	0	2	1
14427556	24430	2	4
14432146	0	2	1
14445910	0	2	1
14450500	5559	2	1
14455088	0	2	1
14491796	0	2	1
14496384	15689	2	16
14500974	0	2	1
14519328	0	2	1
14523916	29989	2	4
14528504	0	2	1
14551448	0	2	1
14556036	11227	2	16
14560624	11794	2	16
14565214	17847	2	4
14569802	26112	2	4
14574390	0	2	1
14611098	0	2	1
14615688	11762	2	64
14620276	0	2	1
14638630	0	2	1
14643218	11630	2	16
14647806	22491	2	16
14652396	0	2	1
14675338	0	2	1
14679926	28745	2	4
14684516	30720	2	1
14689104	12599	2	16
14693692	0	2	1
14698282	0	2	1
14702870	9737	2	64
14707458	8978	2	16
14712046	10277	2	16
14716636	0	2	1
14721224	0	2	1
14725812	14555	2	16
14730400	0	2	1
14734990	8613	2	16
14739578	0	2	1
14767110	0	2	1
14771698	13550	2	16
14776286	15854	2	16
14780874	0	2	1
14785464	0	2	1
14790052	22272	2	16
14794640	0	2	1
14799230	0	2	1
14803818	14775	2	4
14808406	0	2	1
14812994	0	2	1
14817584	11191	2	16
14822172	18798	2	4
14826760	0	2	1
14831350	32256	2	4
14835938	22546	2	16
14840526	0	2	1
14872646	0	2	1
14877234	10715	2	16
14881824	0	2	1
14886412	15689	2	16
14891000	0	2	1
14900178	0	2	1
14904766	9929	2	16
14909354	15799	2	16
14913944	0	2	1
14918532	0	2	1
14923120	9755	2	64
14927708	1170	2	1
14932298	8832	2	16
14936886	293	2	1
14941474	0	2	1
14959828	0	2	1
14964418	16805	2	16
14969006	15360	2	4
14973594	0	2	1
14987360	0	2	1
14991948	29696	2	4
14996536	0	2	1
15001126	0	2	1
15005714	8302	2	16
15010302	18871	2	16
15014892	13513	2	16
15019480	12928	2	16
15024068	24430	2	4
15028656	0	2	1
15033246	16347	2	16
15037834	26624	2	4
15042422	0	2	1
15047012	0	2	1
15051600	28160	2	4
15056188	0	2	1
15065366	0	2	1
15069954	16969	2	4
15074542	0	2	1
15102074	0	2	1
15106662	10606	2	4
15111250	31671	2	16
15115840	293	2	1
15120428	0	2	1
15184668	0	2	1
15189256	14226	2	16
15193844	0	2	1
15198434	19072	2	16
15203022	0	2	1
15207610	21577	2	4
15212198	0	2	1
15235142	0	2	1
15239730	21138	2	4
15244318	0	2	1
15262674	0	2	1
15267262	21723	2	16
15271850	2341	2	1
15276438	0	2	1
15281028	13970	2	4
15285616	293	2	1
15290204	26752	2	16
15294792	0	2	1
15336090	0	2	1
15340678	17701	2	16
15345266	878	2	1
15349856	0	2	1
15354444	30501	2	4
15359032	0	2	1
15363622	30793	2	4
15368210	0	2	1
15437038	0	2	1
15441626	16969	2	4
15446216	0	2	1
15455392	0	2	1
15459980	11355	2	16
15464570	0	2	1
15505866	0	2	1
15510454	28178	2	16
15515044	30501	2	4
15519632	0	2	1
15528810	0	2	1
15533398	25911	2	16
15537986	21723	2	4
15542574	0	2	1
15551752	0	2	1
15556340	15214	2	16
15560928	17847	2	1
15565518	0	2	1
15643522	0	2	1
15648112	9728	2	16
15652700	26624	2	4
15657288	0	2	1
15661878	11904	2	16
15666466	26112	2	4
15671054	9947	2	1
15675642	13129	2	16
15680232	0	2	1
15689408	0	2	1
15693996	17554	2	4
15698586	15872	2	16
15703174	0	2	1
15707762	25746	2	4
15712352	0	2	1
15735294	0	2	1
15739882	27063	2	4
15744472	12160	2	16
15749060	878	2	1
15753648	0	2	1
15762826	0	2	1
15767414	10843	2	16
15772002	0	2	1
15831654	0	2	1
15836242	27154	2	16
15840830	2341	2	1
15845420	0	2	1
15850008	0	2	1
15854596	26697	2	4
15859184	8997	2	4
15863774	28965	2	4
15868362	30501	2	4
15872950	27282	2	4
15877540	0	2	1
15905070	0	2	1
15909658	29842	2	16
15914248	0	2	1
15928014	0	2	1
15932602	13312	2	16
15937190	0	2	1
15964722	0	2	1
15969310	13257	2	16
15973898	0	2	1
15978488	14373	2	16
15983076	0	2	1
16047316	0	2	1
16051904	12288	2	4
16056492	21486	2	16
16061082	15415	2	16
16065670	0	2	1
16074846	0	2	1
16079436	27721	2	16
16084024	0	2	1
16088612	12155	2	64
16093200	19456	2	4
16097790	25454	2	1
16102378	22601	2	4
16106966	0	2	1
16134498	0	2	1
16139086	19200	2	16
16143676	15488	2	16
16148264	12379	2	16
16152852	0	2	1
16244624	0	2	1
16249212	24923	2	16
16253800	13605	2	4
16258388	16311	2	4
16262978	0	2	1
16285920	0	2	1
16290508	28325	2	16
16295098	18139	2	1
16299686	0	2	1
16377692	0	2	1
16382280	15067	2	16
16386868	0	2	1
16391456	8375	2	16
16396046	17262	2	1
16400634	0	2	1
16405222	16859	2	16
16409812	0	2	1
16437342	0	2	1
16441930	20480	2	4
16446520	7314	2	1
16451108	4096	2	1
16455696	0	2	1
16460286	16238	2	4
16464874	0	2	1
16474050	0	2	1
16478640	30720	2	4
16483228	0	2	1
16506170	0	2	1
16510760	16695	2	16
16515348	24869	2	1
16519936	0	2	1
16529114	0	2	1
16533702	22089	2	16
16538290	12069	2	4
16542880	23186	2	16
16547468	0	2	1
16552056	24869	2	4
16556644	15726	2	16
16561234	585	2	1
16565822	0	2	1
16588764	0	2	1
16593354	11557	2	4
16597942	15250	2	16
16602530	4681	2	1
16607118	11648	2	16
16611708	16969	2	4
16616296	17115	2	4
16620884	0	2	1
16662182	0	2	1
16666770	21230	2	16
16671358	11118	2	64
16675948	2048	2	1
16680536	0	2	1
16721832	0	2	1
16726422	26917	2	4
16731010	18798	2	4
16735598	11593	2	16
16740186	0	2	1
16749364	0	2	1
16753952	26843	2	4
16758542	12654	2	4
16763130	0	2	1
16767718	0	2	1
16772306	9070	2	16
16776896	11630	2	4
8390742	10679	4	64
8393036	18944	4	4
8395330	0	4	1
8402214	0	4	1
8404508	30135	4	1
8406802	30208	4	4
8409096	13266	4	64
8411390	15726	4	16
8413684	13440	4	16
8415980	22711	4	16
8418274	0	4	1
8443510	0	4	1
8445804	24430	4	4
8448100	29330	4	4
8450394	0	4	1
8452688	0	4	1
8454982	22583	4	16
8457276	9143	4	4
8459570	21431	4	4
8461864	2048	4	1
8464160	0	4	1
8473336	0	4	1
8475630	9417	4	16
8477924	0	4	1
8484808	0	4	1
8487102	12818	4	16
8489396	23991	4	4
8491690	0	4	1
8493984	0	4	1
8496278	10720	4	64
8498574	0	4	1
8514634	0	4	1
8516928	9655	4	4
8519222	9911	4	16
8521516	32256	4	4
8523810	0	4	1
8526104	0	4	1
8528398	24210	4	16
8530694	15214	4	1
8532988	26770	4	4
8535282	0	4	1
8549048	0	4	1
8551342	21413	4	16
8553636	9362	4	4
8555930	0	4	1
8558224	10350	4	16
8560518	0	4	1
8569696	0	4	1
8571990	13769	4	16
8574284	0	4	1
8583462	0	4	1
8585756	11557	4	4
8588050	27721	4	4
8590344	9728	4	4
8592638	24942	4	4
8594932	13349	4	16
8597228	0	4	1
8675232	0	4	1
8677526	27648	4	4
8679820	20846	4	4
8682116	0	4	1
8693586	0	4	1
8695880	16695	4	16
8698176	15799	4	1
8700470	0	4	1
8705058	0	4	1
8707352	15397	4	16
8709646	15799	4	1
8711940	9856	4	16
8714236	2341	4	1
8716530	0	4	1
8723412	0	4	1
8725706	12599	4	16
8728000	26843	4	4
8730296	0	4	1
8744060	0	4	1
8746354	17170	4	16
8748650	0	4	1
8753238	0	4	1
8755532	7022	4	1
8757826	9801	4	16
8760120	12507	4	16
8762414	0	4	1
8767004	0	4	1
8769298	10386	4	16
8771592	18725	4	1
8773886	0	4	1
8780770	0	4	1
8783064	9454	4	64
8785358	18487	4	16
8787652	0	4	1
8810594	0	4	1
8812888	10971	4	16
8815184	20626	4	4
8817478	4389	4	1
8819772	0	4	1
8872540	0	4	1
8874834	9486	4	64
8877128	0	4	1
8893188	0	4	1
8895482	17847	4	1
8897778	25746	4	1
8900072	0	4	1
8902366	13385	4	16
8904660	0	4	1
8923014	0	4	1
8925308	9710	4	16
8927602	5266	4	1
8929898	0	4	1
8939074	0	4	1
8941368	16073	4	16
8943662	585	4	1
8945958	0	4	1
8950546	0	4	1
8952840	21650	4	4
8955134	0	4	1
8975782	0	4	1
8978076	15817	4	16
8980372	3218	4	1
8982666	0	4	1
8984960	14537	4	16
8987254	26990	4	4
8989548	0	4	1
8991842	23022	4	16
8994136	11410	4	16
8996432	0	4	1
8998726	29477	4	4
9001020	17554	4	4
9003314	27136	4	4
9005608	0	4	1
9010196	0	4	1
9012492	14903	4	16
9014786	0	4	1
9028550	0	4	1
9030846	17554	4	4
9033140	9801	4	4
9035434	0	4	1
9046906	0	4	1
9049200	8631	4	4
9051494	0	4	1
9069848	0	4	1
9072142	9454	4	16
9074436	25161	4	1
9076730	0	4	1
9079026	32366	4	16
9081320	0	4	1
9083614	0	4	1
9085908	15799	4	4
9088202	18651	4	4
9090496	0	4	1
9092790	24832	4	16
9095084	0	4	1
9111144	0	4	1
9113440	9929	4	16
9115734	0	4	1
9143264	0	4	1
9145560	25307	4	4
9147854	12233	4	16
9150148	31963	4	4
9152442	0	4	1
9154736	10917	4	16
9157030	13970	4	4
9159324	0	4	1
9163914	0	4	1
9166208	16055	4	16
9168502	0	4	1
9207504	0	4	1
9209798	29769	4	4
9212094	0	4	1
9244212	0	4	1
9246508	9349	4	64
9248802	26039	4	1
9251096	0	4	1
9257978	0	4	1
9260272	20480	4	1
9262568	0	4	1
9269450	0	4	1
9271744	7607	4	1
9274038	27502	4	1
9276332	0	4	1
9301570	0	4	1
9303864	17737	4	16
9306158	585	4	1
9308452	0	4	1
9310746	0	4	1
9313042	12709	4	16
9315336	0	4	1
9354338	0	4	1
9356632	17975	4	16
9358926	4681	4	1
9361222	0	4	1
9409400	0	4	1
9411696	14080	4	16
9413990	0	4	1
9452992	0	4	1
9455286	19607	4	64
9457580	0	4	1
9466758	0	4	1
9469052	22528	4	4
9471346	30939	4	4
9473640	0	4	1
9475934	19145	4	16
9478230	10533	4	1
9480524	0	4	1
9487406	0	4	1
9489700	24229	4	16
9491994	0	4	1
9503466	0	4	1
9505760	17847	4	16
9508054	0	4	1
9519526	0	4	1
9521820	18066	4	16
9524114	0	4	1
9526408	16896	4	4
9528704	0	4	1
9535586	0	4	1
9537880	23278	4	16
9540174	29257	4	1
9542468	0	4	1
9544764	12727	4	4
9547058	0	4	1
9574588	0	4	1
9576882	293	4	1
9579178	0	4	1
9620474	0	4	1
9622768	19017	4	4
9625062	0	4	1
9675536	0	4	1
9677832	16823	4	16
9680126	0	4	1
9682420	0	4	1
9684714	17152	4	16
9687008	18103	4	16
9689302	0	4	1
9726010	0	4	1
9728306	21797	4	4
9730600	0	4	1
9748954	0	4	1
9751248	17170	4	16
9753542	0	4	1
9758130	0	4	1
9760426	27831	4	16
9762720	13915	4	16
9765014	0	4	1
9785662	0	4	1
9787956	10350	4	16
9790250	10295	4	64
9792544	0	4	1
9804016	0	4	1
9806310	20187	4	4
9808604	0	4	1
9852196	0	4	1
9854490	31963	4	4
9856784	9947	4	16
9859078	0	4	1
9904964	0	4	1
9907258	16000	4	16
9909554	0	4	1
9911848	13074	4	16
9914142	22967	4	4
9916436	0	4	1
9930202	0	4	1
9932496	8229	4	16
9934790	878	4	1
9937084	28233	4	4
9939378	0	4	1
9955438	0	4	1
9957732	14007	4	16
9960028	2048	4	1
9962322	0	4	1
9966910	0	4	1
9969204	31963	4	4
9971498	0	4	1
9973792	0	4	1
9976088	878	4	1
9978382	15031	4	16
9980676	0	4	1
9999030	0	4	1
10001324	25161	4	4
10003618	8338	4	16
10005912	0	4	1
10056386	0	4	1
10058680	16018	4	16
10060976	0	4	1
10111450	0	4	1
10113744	16219	4	16
10116038	28379	4	4
10118332	0	4	1
10132098	0	4	1
10134392	11410	4	1
10136686	0	4	1
10230752	0	4	1
10233046	18377	4	16
10235340	0	4	1
10255988	0	4	1
10258284	12654	4	4
10260578	0	4	1
10336288	0	4	1
10338582	13970	4	4
10340876	0	4	1
10354642	0	4	1
10356936	21285	4	4
10359232	11045	4	4
10361526	0	4	1
10366114	0	4	1
10368408	32549	4	16
10370702	0	4	1
10377586	0	4	1
10379880	11520	4	16
10382174	27867	4	4
10384468	0	4	1
10398234	0	4	1
10400528	13806	4	16
10402822	0	4	1
10405116	0	4	1
10407410	1170	4	1
10409706	0	4	1
10412000	0	4	1
10414294	8283	4	16
10416588	10533	4	1
10418882	0	4	1
10446414	0	4	1
10448708	9719	4	64
10451002	20919	4	16
10453296	8777	4	16
10455590	0	4	1
10480828	0	4	1
10483122	20864	4	16
10485416	0	4	1
10501476	0	4	1
10503770	29605	4	16
10506064	0	4	1
10538184	0	4	1
10540478	27173	4	16
10542774	32475	4	1
10545068	3511	4	1
10547362	0	4	1
10551950	0	4	1
10554244	11429	4	16
10556538	0	4	1
10565716	0	4	1
10568010	10240	4	16
10570304	0	4	1
10604718	0	4	1
10607012	17262	4	1
10609308	12617	4	16
10611602	0	4	1
10618484	0	4	1
10620778	15579	4	4
10623072	22235	4	1
10625368	0	4	1
10666664	0	4	1
10668958	11118	4	16
10671252	1755	4	1
10673548	0	4	1
10689606	0	4	1
10691902	9234	4	16
10694196	0	4	1
10696490	0	4	1
10698784	9819	4	16
10701078	0	4	1
10705666	0	4	1
10707962	18834	4	16
10710256	0	4	1
10742376	0	4	1
10744670	9819	4	16
10746964	0	4	1
10751552	0	4	1
10753846	11995	4	1
10756140	20169	4	16
10758436	0	4	1
10760730	0	4	1
10763024	30720	4	4
10765318	0	4	1
10788260	0	4	1
10790556	14555	4	4
10792850	15982	4	16
10795144	0	4	1
10815792	0	4	1
10818086	16841	4	16
10820380	0	4	1
10841030	0	4	1
10843324	30629	4	16
10845618	11191	4	4
10847912	0	4	1
10861678	0	4	1
10863972	10752	4	4
10866266	0	4	1
10909858	0	4	1
10912152	15214	4	16
10914446	6729	4	1
10916740	0	4	1
10944272	0	4	1
10946566	28672	4	1
10948860	8283	4	16
10951154	0	4	1
10969508	0	4	1
10971802	8722	4	16
10974098	0	4	1
11042926	0	4	1
11045220	8599	4	64
11047514	0	4	1
11052102	0	4	1
11054396	23424	4	16
11056692	21358	4	1
11058986	0	4	1
11081928	0	4	1
11084222	26898	4	16
11086516	0	4	1
11088812	0	4	1
11091106	1755	4	1
11093400	14537	4	16
11095694	0	4	1
11100282	0	4	1
11102576	21065	4	1
11104870	20261	4	4
11107166	0	4	1
11118636	0	4	1
11120930	15726	4	4
11123226	11703	4	1
11125520	0	4	1
11169110	0	4	1
11171404	26423	4	16
11173700	0	4	1
11175994	12343	4	16
11178288	0	4	1
11180582	23333	4	4
11182876	31232	4	16
11185170	0	4	1
11187464	14336	4	1
11189760	0	4	1
11210408	0	4	1
11212702	14848	4	4
11214996	0	4	1
11242528	0	4	1
11244822	17591	4	16
11247116	1170	4	1
11249410	0	4	1
11251704	0	4	1
11253998	30281	4	4
11256294	0	4	1
11265470	0	4	1
11267764	17554	4	4
11270058	0	4	1
11288414	0	4	1
11290708	13111	4	16
11293002	0	4	1
11309062	0	4	1
11311356	17938	4	16
11313650	10734	4	16
11315944	0	4	1
11338888	0	4	1
11341182	14683	4	16
11343476	0	4	1
11348064	0	4	1
11350358	9362	4	16
11352652	0	4	1
11354948	0	4	1
11357242	31598	4	4
11359536	0	4	1
11361830	0	4	1
11364124	18359	4	4
11366418	0	4	1
11428364	0	4	1
11430658	12160	4	16
11432952	24137	4	16
11435246	0	4	1
11481132	0	4	1
11483426	32622	4	4
11485720	878	4	1
11488016	0	4	1
11490310	0	4	1
11492604	15415	4	16
11494898	0	4	1
11501780	0	4	1
11504074	29111	4	16
11506370	0	4	1
11515546	0	4	1
11517840	21870	4	4
11520134	0	4	1
11540784	0	4	1
11543078	14647	4	16
11545372	0	4	1
11556844	0	4	1
11559138	29367	4	16
11561432	0	4	1
11593552	0	4	1
11595846	18999	4	16
11598140	0	4	1
11600434	28160	4	4
11602728	1755	4	1
11605024	18523	4	16
11607318	23113	4	16
11609612	1170	4	1
11611906	22418	4	16
11614200	0	4	1
11616494	7899	4	1
11618788	9947	4	4
11621084	0	4	1
11623378	0	4	1
11625672	8338	4	4
11627966	2048	4	1
11630260	0	4	1
11637144	0	4	1
11639438	5559	4	1
11641732	0	4	1
11683028	0	4	1
11685322	6144	4	1
11687618	12800	4	16
11689912	0	4	1
11733502	0	4	1
11735796	9509	4	16
11738092	10496	4	16
11740386	0	4	1
11747268	0	4	1
11749562	19822	4	16
11751856	14629	4	1
11754152	0	4	1
11758740	0	4	1
11761034	22693	4	16
11763328	8375	4	16
11765622	0	4	1
11767916	0	4	1
11770212	10533	4	16
11772506	0	4	1
11774800	12745	4	16
11777094	12709	4	16
11779388	0	4	1
11813802	0	4	1
11816096	10002	4	16
11818390	0	4	1
11829862	0	4	1
11832156	14043	4	4
11834450	26624	4	4
11836746	0	4	1
11845922	0	4	1
11848216	16110	4	16
11850510	0	4	1
11882630	0	4	1
11884924	9029	4	64
11887220	11264	4	16
11889514	0	4	1
11910162	0	4	1
11912456	16037	4	16
11914750	0	4	1
11919338	0	4	1
11921634	23406	4	1
11923928	0	4	1
11944576	0	4	1
11946870	13824	4	16
11949164	0	4	1
11962930	0	4	1
11965224	9143	4	4
11967518	19602	4	1
11969814	0	4	1
11976696	0	4	1
11978990	27648	4	4
11981284	0	4	1
12059290	0	4	1
12061584	15360	4	4
12063878	25015	4	4
12066172	0	4	1
12102882	0	4	1
12105176	14665	4	16
12107470	11630	4	4
12109764	0	4	1
12130412	0	4	1
12132706	2926	4	1
12135000	18633	4	16
12137296	0	4	1
12160238	0	4	1
12162532	9874	4	16
12164826	30501	4	4
12167120	0	4	1
12187770	0	4	1
12190064	21797	4	16
12192358	0	4	1
12201534	0	4	1
12203830	22309	4	4
12206124	11922	4	4
12208418	0	4	1
12277246	0	4	1
12279540	27813	4	16
12281834	2926	4	1
12284128	0	4	1
12309366	0	4	1
12311660	24942	4	4
12313954	0	4	1
12316248	0	4	1
12318544	27227	4	16
12320838	0	4	1
12346074	0	4	1
12348368	19950	4	16
12350662	0	4	1
12364428	0	4	1
12366722	12800	4	4
12369018	10258	4	16
12371312	0	4	1
12440140	0	4	1
12442434	20041	4	4
12444728	0	4	1
12453906	0	4	1
12456200	8686	4	16
12458494	17554	4	1
12460788	0	4	1
12474554	0	4	1
12476848	19090	4	16
12479142	0	4	1
12536500	0	4	1
12538794	32402	4	4
12541088	0	4	1
12550264	0	4	1
12552560	8631	4	4
12554854	2048	4	1
12557148	0	4	1
12564030	0	4	1
12566324	21285	4	4
12568620	30720	4	1
12570914	0	4	1
12573208	31525	4	4
12575502	0	4	1
12609916	0	4	1
12612210	27721	4	4
12614504	0	4	1
12623682	0	4	1
12625976	10331	4	16
12628270	0	4	1
12660390	0	4	1
12662684	8997	4	16
12664978	0	4	1
12667274	0	4	1
12669568	10313	4	16
12671862	0	4	1
12692510	0	4	1
12694804	12946	4	16
12697098	0	4	1
12818696	0	4	1
12820990	5266	4	1
12823284	5851	4	1
12825578	19767	4	16
12827872	0	4	1
12889818	0	4	1
12892112	21723	4	4
12894406	0	4	1
12908172	0	4	1
12910466	11081	4	16
12912760	0	4	1
12983884	0	4	1
12986178	20480	4	1
12988472	8686	4	16
12990766	0	4	1
13038946	0	4	1
13041240	32475	4	4
13043534	0	4	1
13055006	0	4	1
13057300	8704	4	4
13059594	23552	4	4
13061888	0	4	1
13071066	0	4	1
13073360	3218	4	1
13075654	0	4	1
13107774	0	4	1
13110068	21431	4	4
13112362	4681	4	1
13114656	0	4	1
13139894	0	4	1
13142188	14281	4	16
13144482	29257	4	1
13146776	0	4	1
13174308	0	4	1
13176602	8411	4	16
13178896	0	4	1
13236254	0	4	1
13238548	23040	4	4
13240842	0	4	1
13277550	0	4	1
13279844	19383	4	4
13282140	0	4	1
13291316	0	4	1
13293610	585	4	1
13295904	0	4	1
13302788	0	4	1
13305082	14921	4	16
13307376	12032	4	16
13309670	0	4	1
13323436	0	4	1
13325730	5266	4	1
13328024	3803	4	1
13330318	0	4	1
13396852	0	4	1
13399148	14994	4	16
13401442	0	4	1
13406030	0	4	1
13408324	18944	4	4
13410618	0	4	1
13417502	0	4	1
13419796	15909	4	16
13422090	6729	4	1
13424384	0	4	1
13467976	0	4	1
13470270	11831	4	16
13472564	0	4	1
13481742	0	4	1
13484036	11301	4	16
13486330	0	4	1
13490918	0	4	1
13493212	29842	4	1
13495506	13001	4	16
13497802	0	4	1
13539098	0	4	1
13541392	17627	4	4
13543686	0	4	1
13545980	0	4	1
13548276	4974	4	1
13550570	24704	4	16
13552864	0	4	1
13568924	0	4	1
13571218	24046	4	16
13573512	0	4	1
13575806	8338	4	4
13578100	24283	4	1
13580394	0	4	1
13582690	0	4	1
13584984	8338	4	4
13587278	26770	4	4
13589572	0	4	1
13779996	0	4	1
13782292	13568	4	16
13784586	585	4	1
13786880	0	4	1
13802940	0	4	1
13805234	17481	4	16
13807528	0	4	1
13828176	0	4	1
13830472	8754	4	64
13832766	0	4	1
13942890	0	4	1
13945184	27941	4	4
13947480	0	4	1
13949774	9362	4	16
13952068	0	4	1
13979600	0	4	1
13981894	8265	4	4
13984188	0	4	1
14004836	0	4	1
14007130	15305	4	16
14009424	0	4	1
14057604	0	4	1
14059898	22382	4	4
14062192	0	4	1
14071370	0	4	1
14073664	9221	4	64
14075958	10747	4	64
14078252	23333	4	16
14080548	2048	4	1
14082842	0	4	1
14092018	0	4	1
14094312	19456	4	4
14096608	14738	4	16
14098902	9947	4	1
14101196	0	4	1
14108078	0	4	1
14110372	11593	4	16
14112668	0	4	1
14137904	0	4	1
14140198	14574	4	16
14142492	0	4	1
14167730	0	4	1
14170024	11319	4	16
14172318	0	4	1
14218204	0	4	1
14220498	12178	4	16
14222792	0	4	1
14227380	0	4	1
14229676	13751	4	16
14231970	0	4	1
14257206	0	4	1
14259500	19310	4	4
14261796	1463	4	1
14264090	0	4	1
14270972	0	4	1
14273266	11922	4	16
14275560	8265	4	4
14277854	0	4	1
14280150	31086	4	4
14282444	18139	4	1
14284738	0	4	1
14328330	0	4	1
14330624	11890	4	64
14332918	0	4	1
14335212	0	4	1
14337506	9966	4	16
14339800	8704	4	16
14342094	0	4	1
14360448	0	4	1
14362744	11483	4	16
14365038	0	4	1
14385686	0	4	1
14387980	21504	4	16
14390274	0	4	1
14433866	0	4	1
14436160	25088	4	4
14438454	8576	4	16
14440748	0	4	1
14452220	0	4	1
14454514	11026	4	16
14456808	0	4	1
14470574	0	4	1
14472868	10185	4	16
14475162	1170	4	1
14477456	0	4	1
14550874	0	4	1
14553168	26569	4	16
14555462	0	4	1
14576110	0	4	1
14578406	293	4	1
14580700	0	4	1
14617408	0	4	1
14619702	26112	4	4
14621996	0	4	1
14635762	0	4	1
14638056	21577	4	4
14640350	0	4	1
14654116	0	4	1
14656410	14958	4	16
14658704	0	4	1
14667882	0	4	1
14670176	14043	4	1
14672470	0	4	1
14695414	0	4	1
14697708	9691	4	16
14700002	18725	4	1
14702296	0	4	1
14725238	0	4	1
14727534	12288	4	16
14729828	0	4	1
14732122	19109	4	16
14734416	11410	4	1
14736710	0	4	1
14748182	0	4	1
14750476	12434	4	4
14752770	0	4	1
14766536	0	4	1
14768830	17701	4	4
14771124	27429	4	4
14773418	0	4	1
14775712	0	4	1
14778008	28818	4	4
14780302	12800	4	4
14782596	0	4	1
14858306	0	4	1
14860602	11630	4	16
14862896	0	4	1
14913370	0	4	1
14915664	30427	4	4
14917958	15287	4	4
14920252	0	4	1
14989080	0	4	1
14991374	8869	4	16
14993670	14117	4	4
14995964	0	4	1
15028084	0	4	1
15030378	10587	4	64
15032672	0	4	1
15078558	0	4	1
15080852	12946	4	16
15083146	12270	4	16
15085440	0	4	1
15087734	0	4	1
15090028	15671	4	16
15092322	30647	4	4
15094618	0	4	1
15117560	0	4	1
15119854	2926	4	1
15122148	11483	4	16
15124442	0	4	1
15126738	0	4	1
15129032	19511	4	16
15131326	0	4	1
15209332	0	4	1
15211626	11648	4	16
15213920	0	4	1
15216214	12983	4	16
15218508	0	4	1
15257510	0	4	1
15259806	14299	4	16
15262100	0	4	1
15307984	0	4	1
15310280	15817	4	16
15312574	9947	4	1
15314868	14391	4	16
15317162	17554	4	1
15319456	17737	4	16
15321750	0	4	1
15346988	0	4	1
15349282	14903	4	16
15351576	0	4	1
15441052	0	4	1
15443348	19090	4	4
15445642	0	4	1
15480056	0	4	1
15482350	13842	4	16
15484644	0	4	1
15507586	0	4	1
15509882	7899	4	1
15512176	0	4	1
15519058	0	4	1
15521352	10441	4	16
15523646	9655	4	4
15525942	0	4	1
15542002	0	4	1
15544296	16530	4	4
15546590	0	4	1
15606240	0	4	1
15608536	1755	4	1
15610830	0	4	1
15638360	0	4	1
15640656	4681	4	1
15642950	10587	4	16
15645244	0	4	1
15647538	0	4	1
15649832	9783	4	16
15652126	0	4	1
15672774	0	4	1
15675070	9490	4	16
15677364	0	4	1
15716366	0	4	1
15718660	21285	4	4
15720954	11483	4	4
15723248	0	4	1
15773724	0	4	1
15776018	11557	4	4
15778312	0	4	1
15794372	0	4	1
15796666	32475	4	1
15798960	14651	4	64
15801254	0	4	1
15842552	0	4	1
15844846	13952	4	16
15847140	0	4	1
15920556	0	4	1
15922850	19986	4	16
15925146	293	4	1
15927440	0	4	1
15975620	0	4	1
15977914	25015	4	4
15980208	29550	4	1
15982502	9947	4	1
15984796	0	4	1
16000856	0	4	1
16003150	10478	4	16
16005444	0	4	1
16035270	0	4	1
16037564	31671	4	4
16039860	0	4	1
16083450	0	4	1
16085744	21870	4	4
16088038	0	4	1
16188988	0	4	1
16191282	29403	4	4
16193576	3218	4	1
16195870	0	4	1
16264698	0	4	1
16266992	10496	4	16
16269286	0	4	1
16278464	0	4	1
16280758	24283	4	4
16283052	12782	4	16
16285346	10752	4	4
16287640	15488	4	16
16289936	0	4	1
16319760	0	4	1
16322056	12526	4	16
16324350	0	4	1
16344998	0	4	1
16347292	14921	4	4
16349586	0	4	1
16370234	0	4	1
16372530	12105	4	16
16374824	0	4	1
16379412	0	4	1
16381706	293	4	1
16384000	0	4	1
