Opening function raw/Bode - ycd-pmknitrone-1_20200215.raw/_FUNC001, and idx file size is 19514
{"points_from_IDX"=>3382080}
887
For scan 0 it begins at 0 and spans 2581 6X bytes
00 00 70 00 00 C8	0	51200
00 00 70 6C 61 CA	0	51809
00 2C 72 44 85 CA	11264	51845
00 27 72 1E A9 CA	9984	51881
12 65 72 F6 CC CA	25874	51916
6E 54 72 D0 F0 CA	21614	51952
37 52 72 A8 14 CB	21047	51988
00 00 70 82 38 CB	0	52024
CE 3B 73 5C 5C CB	15310	52060
00 45 73 34 80 CB	17664	52096
C9 39 74 0E A4 CB	14793	52132
EF 77 74 E6 C7 CB	30703	52167
05 28 75 C0 EB CB	10245	52203
32 31 75 98 0F CC	12594	52239
CF 3D 75 72 33 CC	15823	52275
1D 38 75 4A 57 CC	14365	52311
09 36 75 24 7B CC	13833	52347
D7 38 75 FC 9E CC	14551	52382
93 30 75 D6 C2 CC	12435	52418
EB 2E 75 B0 E6 CC	12011	52454
0B 22 75 88 0A CD	8715	52490
1D 46 74 62 2E CD	17949	52526
09 2A 73 3A 52 CD	10761	52562
F2 37 73 14 76 CD	14322	52598
12 71 73 EC 99 CD	28946	52633
C0 54 73 C6 BD CD	21696	52669
8A 29 74 9E E1 CD	10634	52705
C5 51 73 78 05 CE	20933	52741
55 2F 74 52 29 CE	12117	52777
0E 6E 73 2A 4D CE	28174	52813
21 24 74 04 71 CE	9249	52849
B2 35 74 DC 94 CE	13746	52884
A5 7E 73 B6 B8 CE	32421	52920
B2 59 73 8E DC CE	22962	52956
BB 4C 73 68 00 CF	19643	52992
AE 57 73 40 24 CF	22446	53028
C5 44 73 1A 48 CF	17605	53064
69 22 73 F4 6B CF	8809	53099
8E 26 74 CC 8F CF	9870	53135
2D 28 74 A6 B3 CF	10285	53171
60 5B 73 7E D7 CF	23392	53207
82 39 74 58 FB CF	14722	53243
12 78 73 30 1F D0	30738	53279
20 6D 73 0A 43 D0	27936	53315
1E 3D 74 E2 66 D0	15646	53350
17 68 73 BC 8A D0	26647	53386
B7 42 74 96 AE D0	17079	53422
22 2E 74 6E D2 D0	11810	53458
02 24 74 48 F6 D0	9218	53494
D2 36 73 20 1A D1	14034	53530
BB 50 73 FA 3D D1	20667	53565
77 22 73 D2 61 D1	8823	53601
A5 27 72 AC 85 D1	10149	53637
49 5E 73 84 A9 D1	24137	53673
E1 20 74 5E CD D1	8417	53709
B3 21 74 36 F1 D1	8627	53745
60 4D 73 10 15 D2	19808	53781
6E 50 73 EA 38 D2	20590	53816
E5 20 73 C2 5C D2	8421	53852
20 39 73 9C 80 D2	14624	53888
EE 35 72 74 A4 D2	13806	53924
EE 46 73 4E C8 D2	18158	53960
DB 71 72 26 EC D2	29147	53996
92 63 72 00 10 D3	25490	54032
B7 20 73 D8 33 D3	8375	54067
25 4F 72 B2 57 D3	20261	54103
DB 41 73 8C 7B D3	16859	54139
57 72 73 64 9F D3	29271	54175
EE 20 73 3E C3 D3	8430	54211
AE 27 73 16 E7 D3	10158	54247
12 5E 72 F0 0A D4	24082	54282
6E 71 71 C8 2E D4	29038	54318
92 0C 70 A2 52 D4	3218	54354
72 42 73 7A 76 D4	17010	54390
B7 6B 72 54 9A D4	27575	54426
00 00 70 2E BE D4	0	54462
6E 23 72 06 E2 D4	9070	54498
DB 42 71 E0 05 D5	17115	54533
25 23 73 B8 29 D5	8997	54569
92 69 72 92 4D D5	27026	54605
52 2E 74 6A 71 D5	11858	54641
6E 5F 72 44 95 D5	24430	54677
25 41 72 1C B9 D5	16677	54713
DB 47 72 F6 DC D5	18395	54748
00 00 70 CE 00 D6	0	54784
05 5C 73 A8 24 D6	23557	54820
6E 38 72 82 48 D6	14446	54856
6E 6A 72 5A 6C D6	27246	54892
00 00 70 34 90 D6	0	54928
EE 20 72 0C B4 D6	8430	54964
7B 20 73 E6 D7 D6	8315	54999
00 00 70 BE FB D6	0	55035
25 01 70 98 1F D7	293	55071
6E 65 72 70 43 D7	25966	55107
0E 7D 73 4A 67 D7	32014	55143
80 71 73 24 8B D7	29056	55179
E9 21 74 FC AE D7	8681	55214
57 2D 73 D6 D2 D7	11607	55250
A5 77 73 AE F6 D7	30629	55286
12 45 73 88 1A D8	17682	55322
1B 2B 73 60 3E D8	11035	55358
92 45 73 3A 62 D8	17810	55394
0E 56 73 12 86 D8	22030	55430
37 2F 74 EC A9 D8	12087	55465
49 3B 73 C6 CD D8	15177	55501
22 27 74 9E F1 D8	10018	55537
12 29 72 78 15 D9	10514	55573
6E 0B 70 50 39 D9	2926	55609
AE 3D 73 2A 5D D9	15790	55645
60 30 73 02 81 D9	12384	55681
9B 38 73 DC A4 D9	14491	55716
27 3E 74 B4 C8 D9	15911	55752
12 61 73 8E EC D9	24850	55788
6E 27 74 68 10 DA	10094	55824
97 29 74 40 34 DA	10647	55860
11 2C 74 1A 58 DA	11281	55896
32 7E 73 F2 7B DA	32306	55931
B0 38 74 CC 9F DA	14512	55967
9A 29 74 A4 C3 DA	10650	56003
7B 77 73 7E E7 DA	30587	56039
36 3C 74 56 0B DB	15414	56075
43 52 74 30 2F DB	21059	56111
DB 4C 74 08 53 DB	19675	56147
9B 24 75 E2 76 DB	9371	56182
1E 30 75 BC 9A DB	12318	56218
04 28 75 94 BE DB	10244	56254
A3 3C 75 6E E2 DB	15523	56290
0D 34 75 46 06 DC	13325	56326
FA 3F 75 20 2A DC	16378	56362
13 3F 75 F8 4D DC	16147	56397
7E 49 75 D2 71 DC	18814	56433
93 3C 75 AA 95 DC	15507	56469
DA 33 75 84 B9 DC	13274	56505
AD 37 75 5E DD DC	14253	56541
4A 69 74 36 01 DD	26954	56577
7E 5B 74 10 25 DD	23422	56613
FB 4B 74 E8 48 DD	19451	56648
BE 6A 74 C2 6C DD	27326	56684
E1 26 75 9A 90 DD	9953	56720
30 52 74 74 B4 DD	21040	56756
35 2A 75 4C D8 DD	10805	56792
78 2B 75 26 FC DD	11128	56828
5C 25 75 00 20 DE	9564	56864
2B 6E 74 D8 43 DE	28203	56899
A5 28 75 B2 67 DE	10405	56935
3D 26 75 8A 8B DE	9789	56971
F2 2E 75 64 AF DE	12018	57007
DD 77 74 3C D3 DE	30685	57043
57 55 74 16 F7 DE	21847	57079
00 2D 74 EE 1A DF	11520	57114
72 30 74 C8 3E DF	12402	57150
75 55 74 A2 62 DF	21877	57186
36 3D 74 7A 86 DF	15670	57222
B1 4B 74 54 AA DF	19377	57258
36 54 74 2C CE DF	21558	57294
51 3F 74 06 F2 DF	16209	57330
92 40 74 DE 15 E0	16530	57365
46 3E 74 B8 39 E0	15942	57401
D2 58 73 90 5D E0	22738	57437
06 21 74 6A 81 E0	8454	57473
0E 35 73 42 A5 E0	13582	57509
69 40 73 1C C9 E0	16489	57545
CE 49 73 F6 EC E0	18894	57580
00 6C 72 CE 10 E1	27648	57616
C5 41 73 A8 34 E1	16837	57652
57 3E 73 80 58 E1	15959	57688
7B 26 73 5A 7C E1	9851	57724
0E 25 73 32 A0 E1	9486	57760
72 4C 73 0C C4 E1	19570	57796
7B 40 73 E4 E7 E1	16507	57831
25 22 73 BE 0B E2	8741	57867
EE 44 72 98 2F E2	17646	57903
80 53 73 70 53 E2	21376	57939
B2 48 73 4A 77 E2	18610	57975
1B 20 73 22 9B E2	8219	58011
80 33 73 FC BE E2	13184	58046
DB 34 71 D4 E2 E2	13531	58082
92 53 72 AE 06 E3	21394	58118
AE 38 73 86 2A E3	14510	58154
25 7E 73 60 4E E3	32293	58190
00 49 73 3A 72 E3	18688	58226
17 66 73 12 96 E3	26135	58262
C5 79 73 EC B9 E3	31173	58297
17 29 73 C4 DD E3	10519	58333
37 48 73 9E 01 E4	18487	58369
ED 25 74 76 25 E4	9709	58405
3A 38 74 50 49 E4	14394	58441
2D 25 74 28 6D E4	9517	58477
CB 22 74 02 91 E4	8907	58513
65 32 74 DA B4 E4	12901	58548
EA 3A 74 B4 D8 E4	15082	58584
FB 23 74 8E FC E4	9211	58620
58 21 74 66 20 E5	8536	58656
08 33 74 40 44 E5	13064	58692
B7 46 73 18 68 E5	18103	58728
A3 28 74 F2 8B E5	10403	58763
F8 27 74 CA AF E5	10232	58799
B1 35 74 A4 D3 E5	13745	58835
09 47 73 7C F7 E5	18185	58871
60 5E 73 56 1B E6	24160	58907
1B 5B 73 30 3F E6	23323	58943
3B 2B 73 08 63 E6	11067	58979
16 20 74 E2 86 E6	8214	59014
A5 37 73 BA AA E6	14245	59050
A0 25 73 94 CE E6	9632	59086
32 5E 73 6C F2 E6	24114	59122
85 34 73 46 16 E7	13445	59158
00 08 70 1E 3A E7	2048	59194
00 6B 72 F8 5D E7	27392	59229
E9 4D 73 D2 81 E7	19945	59265
E0 33 73 AA A5 E7	13280	59301
DB 26 71 84 C9 E7	9947	59337
8E 28 73 5C ED E7	10382	59373
AE 21 73 36 11 E8	8622	59409
C0 2E 73 0E 35 E8	11968	59445
25 2E 72 E8 58 E8	11813	59480
6E 31 73 C0 7C E8	12654	59516
72 24 73 9A A0 E8	9330	59552
6E 03 70 74 C4 E8	878	59588
00 00 70 4C E8 E8	0	59624
5B 6E 72 26 0C E9	28251	59660
92 04 70 FE 2F E9	1170	59695
6E 03 70 D8 53 E9	878	59731
92 78 71 B0 77 E9	30866	59767
00 00 70 8A 9B E9	0	59803
49 02 70 62 BF E9	585	59839
6E 0B 70 3C E3 E9	2926	59875
25 01 70 14 07 EA	293	59911
37 29 72 EE 2A EA	10551	59946
6E 55 72 C8 4E EA	21870	59982
6E 13 70 A0 72 EA	4974	60018
1B 7E 73 7A 96 EA	32283	60054
6E 03 70 52 BA EA	878	60090
00 00 70 2C DE EA	0	60126
00 00 70 04 02 EB	0	60162
5B 28 72 DE 25 EB	10331	60197
B7 4D 72 B6 49 EB	19895	60233
49 53 72 90 6D EB	21321	60269
5B 52 73 6A 91 EB	21083	60305
A9 28 73 42 B5 EB	10409	60341
C9 37 72 1C D9 EB	14281	60377
BB 27 73 F4 FC EB	10171	60412
40 25 73 CE 20 EC	9536	60448
DB 40 72 A6 44 EC	16603	60484
4E 41 73 80 68 EC	16718	60520
E5 2F 73 58 8C EC	12261	60556
00 00 70 32 B0 EC	0	60592
37 6D 72 0C D4 EC	27959	60628
92 25 73 E4 F7 EC	9618	60663
25 01 70 BE 1B ED	293	60699
C9 30 72 96 3F ED	12489	60735
00 00 70 70 63 ED	0	60771
00 00 70 48 87 ED	0	60807
B7 05 70 22 AB ED	1463	60843
C9 2D 72 FA CE ED	11721	60878
EE 47 72 D4 F2 ED	18414	60914
B7 35 70 AE 16 EE	13751	60950
00 00 70 86 3A EE	0	60986
00 00 70 4E 59 EF	0	61273
49 2C 72 28 7D EF	11337	61309
A5 20 72 02 A1 EF	8357	61345
00 56 71 DA C4 EF	22016	61380
00 10 70 B4 E8 EF	4096	61416
25 4D 72 8C 0C F0	19749	61452
00 00 70 66 30 F0	0	61488
00 00 70 18 78 F0	0	61560
B7 26 72 F0 9B F0	9911	61595
F2 2C 73 CA BF F0	11506	61631
25 51 70 A4 E3 F0	20773	61667
00 00 70 7C 07 F1	0	61703
00 00 70 92 DE F1	0	61918
6E 40 72 6C 02 F2	16494	61954
12 27 72 46 26 F2	10002	61990
E5 28 73 1E 4A F2	10469	62026
00 00 70 F8 6D F2	0	62061
00 18 70 D0 91 F2	6144	62097
25 4D 71 AA B5 F2	19749	62133
8E 2B 73 82 D9 F2	11150	62169
C9 3D 72 5C FD F2	15817	62205
00 00 70 34 21 F3	0	62241
00 00 70 0E 45 F3	0	62277
B7 30 72 E8 68 F3	12471	62312
00 00 70 C0 8C F3	0	62348
25 70 72 9A B0 F3	28709	62384
DB 5B 72 72 D4 F3	23515	62420
E0 23 73 4C F8 F3	9184	62456
6E 31 73 24 1C F4	12654	62492
00 64 72 FE 3F F4	25600	62527
09 3C 73 D6 63 F4	15369	62563
77 73 73 B0 87 F4	29559	62599
93 44 74 88 AB F4	17555	62635
CE 4F 74 62 CF F4	20430	62671
D5 4B 74 3C F3 F4	19413	62707
C3 5C 74 14 17 F5	23747	62743
EA 5F 74 EE 3A F5	24554	62778
D3 4A 74 C6 5E F5	19155	62814
F7 6B 73 A0 82 F5	27639	62850
00 73 73 78 A6 F5	29440	62886
37 3E 74 52 CA F5	15927	62922
BD 2E 74 2A EE F5	11965	62958
A9 22 73 04 12 F6	8873	62994
B7 25 70 DE 35 F6	9655	63029
E9 4D 73 B6 59 F6	19945	63065
00 2E 73 90 7D F6	11776	63101
92 30 73 68 A1 F6	12434	63137
80 2E 73 42 C5 F6	11904	63173
72 20 73 1A E9 F6	8306	63209
92 27 72 F4 0C F7	10130	63244
6E 13 70 CC 30 F7	4974	63280
25 23 71 A6 54 F7	8997	63316
00 10 70 80 78 F7	4096	63352
C0 29 73 58 9C F7	10688	63388
92 43 72 32 C0 F7	17298	63424
92 22 73 0A E4 F7	8850	63460
5B 35 72 E4 07 F8	13659	63495
DB 75 73 BC 2B F8	30171	63531
5B 6B 72 96 4F F8	27483	63567
7B 35 73 6E 73 F8	13691	63603
09 46 73 48 97 F8	17929	63639
92 76 71 20 BB F8	30354	63675
80 77 72 FA DE F8	30592	63710
AE 28 73 D4 02 F9	10414	63746
B7 5F 72 AC 26 F9	24503	63782
00 00 70 86 4A F9	0	63818
00 00 70 10 B6 F9	0	63926
6E 32 72 EA D9 F9	12910	63961
2E 38 73 C2 FD F9	14382	63997
37 6E 72 9C 21 FA	28215	64033
49 3A 72 76 45 FA	14921	64069
92 74 71 4E 69 FA	29842	64105
00 00 70 28 8D FA	0	64141
6E 33 72 00 B1 FA	13166	64177
12 2A 72 DA D4 FA	10770	64212
C9 60 72 B2 F8 FA	24777	64248
65 3A 73 8C 1C FB	14949	64284
FB 36 73 64 40 FB	14075	64320
DB 2F 72 3E 64 FB	12251	64356
C0 52 73 18 88 FB	21184	64392
A1 38 74 F0 AB FB	14497	64427
F2 42 73 CA CF FB	17138	64463
06 20 74 A2 F3 FB	8198	64499
C9 7B 73 7C 17 FC	31689	64535
66 26 74 54 3B FC	9830	64571
8E 70 73 2E 5F FC	28814	64607
FB 62 73 06 83 FC	25339	64643
69 4E 73 E0 A6 FC	20073	64678
E9 55 73 BA CA FC	21993	64714
12 24 72 92 EE FC	9234	64750
A5 71 72 6C 12 FD	29093	64786
C9 3A 72 44 36 FD	15049	64822
00 00 70 1E 5A FD	0	64858
00 00 70 F6 7D FD	0	64893
12 4C 72 D0 A1 FD	19474	64929
6E 3C 72 A8 C5 FD	15470	64965
6E 65 71 82 E9 FD	25966	65001
49 21 72 5A 0D FE	8521	65037
25 69 70 34 31 FE	26917	65073
6E 35 71 0E 55 FE	13678	65109
37 28 72 E6 78 FE	10295	65144
00 29 72 C0 9C FE	10496	65180
00 3E 71 98 C0 FE	15872	65216
F2 25 73 72 E4 FE	9714	65252
49 02 70 4A 08 FF	585	65288
00 00 70 24 2C FF	0	65324
92 5B 72 FC 4F FF	23442	65359
00 32 71 D6 73 FF	12800	65395
FB 2B 73 B0 97 FF	11259	65431
49 36 71 88 BB FF	13897	65467
5B 28 72 62 DF FF	10331	65503
49 7A 80 9E 01 80	31305	32769
6E 03 80 8A 13 80	878	32787
00 00 80 76 25 80	0	32805
12 28 83 64 37 80	10258	32823
5B 30 82 50 49 80	12379	32841
49 2A 80 3C 5B 80	10825	32859
6E 43 81 28 6D 80	17262	32877
DB 56 81 16 7F 80	22235	32895
92 33 82 02 91 80	13202	32913
00 00 80 EE A2 80	0	32930
00 00 80 B4 D8 80	0	32984
45 22 83 A0 EA 80	8773	33002
DB 36 80 8E FC 80	14043	33020
37 3F 82 7A 0E 81	16183	33038
25 51 81 66 20 81	20773	33056
00 00 80 52 32 81	0	33074
6E 73 82 40 44 81	29550	33092
00 00 80 2C 56 81	0	33110
C9 68 82 18 68 81	26825	33128
00 47 82 06 7A 81	18176	33146
25 27 82 F2 8B 81	10021	33163
37 2A 83 DE 9D 81	10807	33181
B7 66 82 CA AF 81	26295	33199
A9 33 83 B8 C1 81	13225	33217
D2 3F 83 A4 D3 81	16338	33235
E5 30 83 90 E5 81	12517	33253
DB 36 82 7C F7 81	14043	33271
8E 48 83 6A 09 82	18574	33289
65 67 83 56 1B 82	26469	33307
5B 39 83 42 2D 82	14683	33325
C0 2F 83 30 3F 82	12224	33343
97 34 83 1C 51 82	13463	33361
49 32 82 08 63 82	12873	33379
25 11 80 F4 74 82	4389	33396
65 70 83 E2 86 82	28773	33414
7B 3D 83 CE 98 82	15739	33432
6E 34 83 BA AA 82	13422	33450
8E 4D 83 A8 BC 82	19854	33468
0E 74 83 94 CE 82	29710	33486
F2 2C 83 80 E0 82	11506	33504
32 29 83 6C F2 82	10546	33522
80 27 83 5A 04 83	10112	33540
20 71 83 46 16 83	28960	33558
A5 58 83 32 28 83	22693	33576
FE 23 84 1E 3A 83	9214	33594
F7 4B 83 0C 4C 83	19447	33612
B2 63 83 F8 5D 83	25522	33629
E9 3C 83 E4 6F 83	15593	33647
B2 4E 83 D2 81 83	20146	33665
6E 54 82 BE 93 83	21614	33683
8E 50 83 AA A5 83	20622	33701
17 61 83 96 B7 83	24855	33719
DB 56 83 84 C9 83	22235	33737
A0 73 83 70 DB 83	29600	33755
80 4B 83 5C ED 83	19328	33773
65 54 83 48 FF 83	21605	33791
C5 4D 83 36 11 84	19909	33809
32 4A 83 22 23 84	18994	33827
B7 5E 83 0E 35 84	24247	33845
CE 44 83 FC 46 84	17614	33862
37 25 83 E8 58 84	9527	33880
92 5E 82 D4 6A 84	24210	33898
6E 2F 83 C0 7C 84	12142	33916
37 3C 82 AE 8E 84	15415	33934
B7 29 81 9A A0 84	10679	33952
00 08 80 86 B2 84	2048	33970
49 7B 82 74 C4 84	31561	33988
00 00 80 60 D6 84	0	34006
25 66 82 4C E8 84	26149	34024
00 00 80 38 FA 84	0	34042
C9 6B 82 26 0C 85	27593	34060
49 2E 81 12 1E 85	11849	34078
00 00 80 FE 2F 85	0	34095
5B 3E 82 EA 41 85	15963	34113
00 00 80 D8 53 85	0	34131
00 00 80 9E 89 85	0	34185
DB 2E 82 8A 9B 85	11995	34203
EE 37 82 76 AD 85	14318	34221
00 00 80 62 BF 85	0	34239
00 00 80 50 D1 85	0	34257
12 65 82 3C E3 85	25874	34275
00 60 81 28 F5 85	24576	34293
00 24 82 14 07 86	9216	34311
00 00 80 02 19 86	0	34329
00 00 80 EE 2A 86	0	34346
DB 3B 82 DA 3C 86	15323	34364
A5 48 82 C8 4E 86	18597	34382
00 38 80 B4 60 86	14336	34400
DB 06 80 A0 72 86	1755	34418
00 00 80 8C 84 86	0	34436
00 00 80 66 A8 86	0	34472
49 4C 82 52 BA 86	19529	34490
00 00 80 40 CC 86	0	34508
37 2C 82 2C DE 86	11319	34526
00 00 80 18 F0 86	0	34544
25 59 82 04 02 87	22821	34562
00 00 80 F2 13 87	0	34579
00 00 80 6A 91 87	0	34705
A5 28 82 56 A3 87	10405	34723
12 4E 82 42 B5 87	19986	34741
B7 5C 82 2E C7 87	23735	34759
B7 3D 80 1C D9 87	15799	34777
9B 2B 83 08 EB 87	11163	34795
80 3A 83 F4 FC 87	14976	34812
00 00 80 E0 0E 88	0	34830
00 00 80 CE 20 88	0	34848
32 31 83 BA 32 88	12594	34866
DB 56 80 A6 44 88	22235	34884
B7 3E 82 94 56 88	16055	34902
00 00 80 80 68 88	0	34920
00 00 80 32 B0 88	0	34992
B7 21 81 1E C2 88	8631	35010
EE 50 82 0C D4 88	20718	35028
49 22 80 F8 E5 88	8777	35045
00 00 80 E4 F7 88	0	35063
DB 7C 81 D0 09 89	31963	35081
25 01 80 BE 1B 89	293	35099
00 00 80 AA 2D 89	0	35117
00 00 80 36 99 89	0	35225
EE 25 82 22 AB 89	9710	35243
00 00 80 0E BD 89	0	35261
00 00 80 FA CE 89	0	35278
89 20 83 E8 E0 89	8329	35296
49 29 83 D4 F2 89	10569	35314
92 2E 81 C0 04 8A	11922	35332
EE 27 82 AE 16 8A	10222	35350
5B 27 83 9A 28 8A	10075	35368
72 33 83 86 3A 8A	13170	35386
80 2A 83 72 4C 8A	10880	35404
00 00 80 60 5E 8A	0	35422
00 20 81 4C 70 8A	8192	35440
00 00 80 38 82 8A	0	35458
00 00 80 12 A6 8A	0	35494
00 20 82 FE B7 8A	8192	35511
00 00 80 EA C9 8A	0	35529
C9 23 82 D8 DB 8A	9161	35547
DB 62 81 C4 ED 8A	25307	35565
37 23 82 B0 FF 8A	9015	35583
00 00 80 9C 11 8B	0	35601
B7 33 82 8A 23 8B	13239	35619
37 28 82 76 35 8B	10295	35637
00 2E 83 62 47 8B	11776	35655
C9 4F 82 4E 59 8B	20425	35673
25 41 81 3C 6B 8B	16677	35691
00 00 80 28 7D 8B	0	35709
00 00 80 DA C4 8B	0	35780
B7 3B 82 C6 D6 8B	15287	35798
00 58 81 B4 E8 8B	22528	35816
00 60 80 A0 FA 8B	24576	35834
09 35 83 8C 0C 8C	13577	35852
6E 33 80 7A 1E 8C	13166	35870
DB 36 82 66 30 8C	14043	35888
CE 2B 83 52 42 8C	11214	35906
C9 29 82 3E 54 8C	10697	35924
25 01 80 2C 66 8C	293	35942
00 5E 81 18 78 8C	24064	35960
B7 73 81 04 8A 8C	29623	35978
00 00 80 F0 9B 8C	0	35995
00 00 80 DE AD 8C	0	36013
25 25 81 CA BF 8C	9509	36031
49 6E 81 B6 D1 8C	28233	36049
49 37 82 A4 E3 8C	14153	36067
00 00 80 90 F5 8C	0	36085
49 3E 81 7C 07 8D	15945	36103
92 2F 82 68 19 8D	12178	36121
6E 35 81 56 2B 8D	13678	36139
00 00 80 42 3D 8D	0	36157
49 78 81 2E 4F 8D	30793	36175
12 6F 82 1A 61 8D	28434	36193
37 3D 82 08 73 8D	15671	36211
DB 21 82 F4 84 8D	8667	36228
92 56 81 E0 96 8D	22162	36246
A5 38 82 CE A8 8D	14501	36264
B7 05 80 BA BA 8D	1463	36282
00 00 80 A6 CC 8D	0	36300
B7 73 82 92 DE 8D	29623	36318
D7 21 83 80 F0 8D	8663	36336
FB 24 83 6C 02 8E	9467	36354
B7 66 82 58 14 8E	26295	36372
D7 32 83 46 26 8E	13015	36390
49 7C 81 32 38 8E	31817	36408
00 68 80 1E 4A 8E	26624	36426
6E 3B 82 0A 5C 8E	15214	36444
6E 23 82 F8 6D 8E	9070	36461
00 00 80 E4 7F 8E	0	36479
00 00 80 AA B5 8E	0	36533
3B 43 83 96 C7 8E	17211	36551
72 39 83 82 D9 8E	14706	36569
00 33 82 70 EB 8E	13056	36587
CE 24 83 5C FD 8E	9422	36605
5B 6E 82 48 0F 8F	28251	36623
97 27 83 34 21 8F	10135	36641
5B 46 82 22 33 8F	18011	36659
80 29 82 0E 45 8F	10624	36677
49 3C 83 FA 56 8F	15433	36694
1B 28 83 E8 68 8F	10267	36712
0E 25 83 D4 7A 8F	9486	36730
6E 3B 80 C0 8C 8F	15214	36748
00 00 80 AC 9E 8F	0	36766
25 01 80 9A B0 8F	293	36784
DB 2E 81 86 C2 8F	11995	36802
49 75 82 72 D4 8F	30025	36820
49 40 81 5E E6 8F	16457	36838
40 3C 83 4C F8 8F	15424	36856
00 44 82 38 0A 90	17408	36874
49 65 82 24 1C 90	25929	36892
5B 44 82 12 2E 90	17499	36910
09 2B 83 FE 3F 90	11017	36927
8E 22 83 EA 51 90	8846	36945
37 48 82 D6 63 90	18487	36963
00 00 80 C4 75 90	0	36981
00 00 80 9C 99 90	0	37017
25 6B 82 88 AB 90	27429	37035
92 21 83 76 BD 90	8594	37053
C9 2A 83 62 CF 90	10953	37071
85 57 83 4E E1 90	22405	37089
49 4C 83 3C F3 90	19529	37107
C9 7A 83 28 05 91	31433	37125
37 59 82 14 17 91	22839	37143
6E 33 82 00 29 91	13166	37161
4E 37 83 EE 3A 91	14158	37178
D7 45 83 DA 4C 91	17879	37196
12 26 83 C6 5E 91	9746	37214
5B 5C 82 B4 70 91	23643	37232
A5 71 82 A0 82 91	29093	37250
B7 2F 82 8C 94 91	12215	37268
80 3B 82 78 A6 91	15232	37286
5B 31 83 66 B8 91	12635	37304
92 2C 80 52 CA 91	11410	37322
A5 4A 82 3E DC 91	19109	37340
C9 27 82 2A EE 91	10185	37358
00 00 80 18 00 92	0	37376
00 00 80 04 12 92	0	37394
DB 24 82 F0 23 92	9435	37411
00 00 80 DE 35 92	0	37429
EE 2B 82 CA 47 92	11246	37447
00 00 80 B6 59 92	0	37465
00 00 80 7C 8F 92	0	37519
DB 3F 82 68 A1 92	16347	37537
00 00 80 54 B3 92	0	37555
92 6F 82 42 C5 92	28562	37573
6E 69 81 2E D7 92	26990	37591
FB 24 83 1A E9 92	9467	37609
DB 57 82 08 FB 92	22491	37627
6E 21 81 F4 0C 93	8558	37644
CE 28 83 E0 1E 93	10446	37662
B7 2D 80 CC 30 93	11703	37680
25 39 82 BA 42 93	14629	37698
6E 4A 82 A6 54 93	19054	37716
A5 2C 82 92 66 93	11429	37734
A5 27 82 80 78 93	10149	37752
A5 21 82 6C 8A 93	8613	37770
00 00 80 58 9C 93	0	37788
00 00 80 32 C0 93	0	37824
C9 49 82 1E D2 93	18889	37842
00 3E 81 0A E4 93	15872	37860
00 00 80 F6 F5 93	0	37877
00 00 80 BC 2B 94	0	37931
37 4E 82 AA 3D 94	20023	37949
00 00 80 96 4F 94	0	37967
5B 5F 82 82 61 94	24411	37985
92 14 80 6E 73 94	5266	38003
00 00 80 5C 85 94	0	38021
00 00 80 48 97 94	0	38039
37 6F 82 34 A9 94	28471	38057
00 62 82 20 BB 94	25088	38075
6E 2D 82 0E CD 94	11630	38093
00 00 80 FA DE 94	0	38110
00 00 80 E6 F0 94	0	38128
12 2C 82 D4 02 95	11282	38146
DB 58 81 C0 14 95	22747	38164
B7 30 82 AC 26 95	12471	38182
DB 78 81 98 38 95	30939	38200
5B 3D 82 86 4A 95	15707	38218
00 00 80 72 5C 95	0	38236
5B 60 82 5E 6E 95	24667	38254
49 40 81 4C 80 95	16457	38272
00 00 80 38 92 95	0	38290
00 00 80 24 A4 95	0	38308
25 51 80 10 B6 95	20773	38326
00 00 80 FE C7 95	0	38343
00 00 80 EA D9 95	0	38361
E9 2C 83 D6 EB 95	11497	38379
49 69 82 C2 FD 95	26953	38397
92 76 81 B0 0F 96	30354	38415
80 4C 82 9C 21 96	19584	38433
00 00 80 88 33 96	0	38451
00 00 80 62 57 96	0	38487
12 4A 82 4E 69 96	18962	38505
49 52 81 3A 7B 96	21065	38523
92 1C 80 28 8D 96	7314	38541
00 00 80 14 9F 96	0	38559
00 00 80 00 B1 96	0	38577
6E 65 81 EE C2 96	25966	38594
00 00 80 DA D4 96	0	38612
00 00 80 B2 F8 96	0	38648
6E 6B 81 A0 0A 97	27502	38666
89 23 83 8C 1C 97	9097	38684
00 00 80 78 2E 97	0	38702
00 00 80 52 52 97	0	38738
80 47 82 3E 64 97	18304	38756
6E 03 80 2A 76 97	878	38774
00 00 80 18 88 97	0	38792
25 01 80 04 9A 97	293	38810
00 00 80 F0 AB 97	0	38827
00 00 80 A2 F3 97	0	38899
25 29 82 8E 05 98	10533	38917
00 00 80 7C 17 98	0	38935
92 58 82 68 29 98	22674	38953
49 32 80 54 3B 98	12873	38971
00 00 80 42 4D 98	0	38989
00 00 80 2E 5F 98	0	39007
5B 3A 82 1A 71 98	14939	39025
92 3C 80 06 83 98	15506	39043
00 00 80 F4 94 98	0	39060
00 00 80 E0 A6 98	0	39078
EE 25 82 CC B8 98	9710	39096
DB 67 82 BA CA 98	26587	39114
B7 05 80 A6 DC 98	1463	39132
00 00 80 92 EE 98	0	39150
00 6C 81 7E 00 99	27648	39168
B7 15 80 6C 12 99	5559	39186
00 00 80 58 24 99	0	39204
00 00 80 A8 C5 99	0	39365
49 49 82 96 D7 99	18761	39383
00 00 80 82 E9 99	0	39401
E0 35 83 6E FB 99	13792	39419
49 42 80 5A 0D 9A	16969	39437
00 60 80 48 1F 9A	24576	39455
EE 21 83 34 31 9A	8686	39473
F7 36 83 20 43 9A	14071	39491
5B 2F 82 0E 55 9A	12123	39509
B7 75 81 FA 66 9A	30135	39526
6E 3B 80 E6 78 9A	15214	39544
00 00 80 D2 8A 9A	0	39562
00 00 80 98 C0 9A	0	39616
49 4C 82 86 D2 9A	19529	39634
EE 50 82 72 E4 9A	20718	39652
37 73 82 5E F6 9A	29495	39670
6E 22 82 4A 08 9B	8814	39688
00 00 80 38 1A 9B	0	39706
B7 65 82 24 2C 9B	26039	39724
92 48 82 10 3E 9B	18578	39742
92 4C 81 FC 4F 9B	19602	39759
00 72 82 EA 61 9B	29184	39777
49 1A 80 D6 73 9B	6729	39795
00 00 80 C2 85 9B	0	39813
00 00 80 B0 97 9B	0	39831
25 01 80 9C A9 9B	293	39849
00 00 80 88 BB 9B	0	39867
00 00 80 26 15 9C	0	39957
25 37 82 14 27 9C	14117	39975
25 01 80 00 39 9C	293	39993
00 00 80 EC 4A 9C	0	40010
00 00 80 DA 5C 9C	0	40028
00 24 82 C6 6E 9C	9216	40046
C9 23 82 B2 80 9C	9161	40064
B7 69 81 9E 92 9C	27063	40082
00 00 80 8C A4 9C	0	40100
00 00 80 78 B6 9C	0	40118
C9 66 82 64 C8 9C	26313	40136
49 47 82 52 DA 9C	18249	40154
5B 3F 82 3E EC 9C	16219	40172
25 4D 81 2A FE 9C	19749	40190
EE 39 82 16 10 9D	14830	40208
12 3D 82 04 22 9D	15634	40226
00 2B 82 F0 33 9D	11008	40243
DB 32 82 DC 45 9D	13019	40261
6E 3F 82 C8 57 9D	16238	40279
45 22 83 B6 69 9D	8773	40297
A5 7E 82 A2 7B 9D	32421	40315
5B 2F 82 8E 8D 9D	12123	40333
25 22 82 7C 9F 9D	8741	40351
DB 3C 82 68 B1 9D	15579	40369
00 00 80 54 C3 9D	0	40387
6E 32 83 40 D5 9D	12910	40405
C9 55 82 2E E7 9D	21961	40423
FB 55 83 1A F9 9D	22011	40441
65 22 83 06 0B 9E	8805	40459
F2 28 83 F4 1C 9E	10482	40476
C9 55 82 E0 2E 9E	21961	40494
CE 3B 83 CC 40 9E	15310	40512
D7 34 83 B8 52 9E	13527	40530
FB 4B 83 A6 64 9E	19451	40548
D7 3C 83 92 76 9E	15575	40566
C9 3C 83 7E 88 9E	15561	40584
DB 24 83 6A 9A 9E	9435	40602
27 23 84 58 AC 9E	8999	40620
E1 20 84 44 BE 9E	8417	40638
3B 22 84 30 D0 9E	8763	40656
9F 52 84 1E E2 9E	21151	40674
10 58 84 0A F4 9E	22544	40692
63 3C 84 F6 05 9F	15459	40709
83 48 84 E2 17 9F	18563	40727
B8 23 84 D0 29 9F	9144	40745
D7 2A 84 BC 3B 9F	10967	40763
11 26 84 A8 4D 9F	9745	40781
15 22 84 94 5F 9F	8725	40799
45 23 83 82 71 9F	9029	40817
F7 2E 83 6E 83 9F	12023	40835
DB 46 81 5A 95 9F	18139	40853
49 02 80 48 A7 9F	585	40871
00 66 81 34 B9 9F	26112	40889
37 67 82 20 CB 9F	26423	40907
E9 2C 83 0C DD 9F	11497	40925
5B 6D 82 FA EE 9F	27995	40942
6E 71 81 E6 00 A0	29038	40960
6E 52 82 D2 12 A0	21102	40978
12 49 82 C0 24 A0	18706	40996
E5 25 83 AC 36 A0	9701	41014
00 31 82 98 48 A0	12544	41032
72 23 83 84 5A A0	9074	41050
6E 51 81 72 6C A0	20846	41068
00 00 80 5E 7E A0	0	41086
80 69 82 4A 90 A0	27008	41104
5B 38 82 36 A2 A0	14427	41122
49 74 81 24 B4 A0	29769	41140
6E 34 82 10 C6 A0	13422	41158
5B 3E 82 FC D7 A0	15963	41175
00 50 82 EA E9 A0	20480	41193
5B 22 83 D6 FB A0	8795	41211
DB 6E 81 C2 0D A1	28379	41229
00 00 80 AE 1F A1	0	41247
25 21 82 9C 31 A1	8485	41265
B7 53 82 88 43 A1	21431	41283
25 01 80 74 55 A1	293	41301
25 01 80 60 67 A1	293	41319
00 00 80 4E 79 A1	0	41337
00 00 80 3A 8B A1	0	41355
B7 05 80 26 9D A1	1463	41373
00 00 80 14 AF A1	0	41391
00 00 80 00 C1 A1	0	41409
A5 37 82 EC D2 A1	14245	41426
12 25 82 D8 E4 A1	9490	41444
00 00 80 C6 F6 A1	0	41462
60 35 83 B2 08 A2	13664	41480
C9 3C 82 9E 1A A2	15561	41498
00 00 80 8C 2C A2	0	41516
00 00 80 3E 74 A2	0	41588
37 3B 82 2A 86 A2	15159	41606
00 00 80 16 98 A2	0	41624
00 00 80 B6 F1 A2	0	41713
25 21 80 A2 03 A3	8485	41731
00 30 80 8E 15 A3	12288	41749
00 00 80 7A 27 A3	0	41767
37 30 82 68 39 A3	12343	41785
EE 3B 82 54 4B A3	15342	41803
00 00 80 40 5D A3	0	41821
12 3D 82 2C 6F A3	15634	41839
00 00 80 1A 81 A3	0	41857
00 00 80 06 93 A3	0	41875
B7 4F 81 F2 A4 A3	20407	41892
6E 71 82 E0 B6 A3	29038	41910
6E 34 82 CC C8 A3	13422	41928
00 00 80 B8 DA A3	0	41946
49 1A 80 A4 EC A3	6729	41964
25 5F 82 92 FE A3	24357	41982
C9 56 82 7E 10 A4	22217	42000
B7 6D 81 6A 22 A4	28087	42018
00 00 80 58 34 A4	0	42036
00 56 81 44 46 A4	22016	42054
00 00 80 30 58 A4	0	42072
00 00 80 0A 7C A4	0	42108
C9 46 82 F6 8D A4	18121	42125
25 01 80 E2 9F A4	293	42143
00 00 80 CE B1 A4	0	42161
00 00 80 BC C3 A4	0	42179
6E 27 82 A8 D5 A4	10094	42197
00 00 80 94 E7 A4	0	42215
00 00 80 46 2F A5	0	42287
20 44 83 34 41 A5	17440	42305
B7 44 82 20 53 A5	17591	42323
00 00 80 0C 65 A5	0	42341
6E 54 82 FA 76 A5	21614	42358
25 21 80 E6 88 A5	8485	42376
00 00 80 D2 9A A5	0	42394
00 00 80 AC BE A5	0	42430
92 62 81 98 D0 A5	25234	42448
DB 78 81 84 E2 A5	30939	42466
00 00 80 70 F4 A5	0	42484
00 00 80 24 3C A6	0	42556
92 5C 82 10 4E A6	23698	42574
25 33 81 FC 5F A6	13093	42591
B7 57 81 E8 71 A6	22455	42609
6E 3D 82 D6 83 A6	15726	42627
92 1C 80 C2 95 A6	7314	42645
92 76 81 AE A7 A6	30354	42663
25 37 81 9A B9 A6	14117	42681
12 41 83 88 CB A6	16658	42699
20 23 83 74 DD A6	8992	42717
B7 3D 80 60 EF A6	15799	42735
6E 4B 80 4E 01 A7	19310	42753
D2 20 83 3A 13 A7	8402	42771
6E 70 82 26 25 A7	28782	42789
A9 24 83 12 37 A7	9385	42807
B7 4B 82 00 49 A7	19383	42825
85 38 83 EC 5A A7	14469	42842
92 65 82 D8 6C A7	26002	42860
B7 05 80 C6 7E A7	1463	42878
00 00 80 B2 90 A7	0	42896
25 01 80 9E A2 A7	293	42914
C9 39 82 8A B4 A7	14793	42932
00 00 80 78 C6 A7	0	42950
25 01 80 64 D8 A7	293	42968
00 00 80 50 EA A7	0	42986
00 00 80 3C FC A7	0	43004
25 01 80 2A 0E A8	293	43022
00 00 80 16 20 A8	0	43040
B7 7D 81 02 32 A8	32183	43058
00 00 80 F0 43 A8	0	43075
00 00 80 8E 9D A8	0	43165
C9 3D 82 7A AF A8	15817	43183
DB 26 81 66 C1 A8	9947	43201
37 41 82 54 D3 A8	16695	43219
00 00 80 40 E5 A8	0	43237
00 00 80 06 1B A9	0	43291
00 7C 81 F2 2C A9	31744	43308
B7 45 81 DE 3E A9	17847	43326
00 00 80 CC 50 A9	0	43344
00 00 80 B8 62 A9	0	43362
E9 2E 83 A4 74 A9	12009	43380
DB 72 81 92 86 A9	29403	43398
00 00 80 7E 98 A9	0	43416
00 00 80 6A AA A9	0	43434
5B 32 82 56 BC A9	12891	43452
00 00 80 44 CE A9	0	43470
00 00 80 30 E0 A9	0	43488
25 01 80 1C F2 A9	293	43506
00 00 80 08 04 AA	0	43524
DB 60 82 F6 15 AA	24795	43541
37 5D 82 E2 27 AA	23863	43559
6E 03 80 CE 39 AA	878	43577
DB 2C 82 BC 4B AA	11483	43595
25 49 82 A8 5D AA	18725	43613
C9 48 82 94 6F AA	18633	43631
37 23 82 80 81 AA	9015	43649
00 00 80 6E 93 AA	0	43667
00 00 80 46 B7 AA	0	43703
37 26 82 34 C9 AA	9783	43721
00 00 80 20 DB AA	0	43739
FB 38 83 0C ED AA	14587	43757
37 46 82 F8 FE AA	17975	43774
6E 53 82 E6 10 AB	21358	43792
EE 2F 82 D2 22 AB	12270	43810
6E 29 81 BE 34 AB	10606	43828
80 6F 82 AA 46 AB	28544	43846
00 00 80 98 58 AB	0	43864
C9 46 82 84 6A AB	18121	43882
5B 76 82 70 7C AB	30299	43900
00 00 80 5E 8E AB	0	43918
00 00 80 36 B2 AB	0	43954
49 76 81 22 C4 AB	30281	43972
25 21 81 10 D6 AB	8485	43990
12 33 82 FC E7 AB	13074	44007
00 22 81 E8 F9 AB	8704	44025
00 00 80 D4 0B AC	0	44043
A5 2F 83 C2 1D AC	12197	44061
49 5D 82 AE 2F AC	23881	44079
12 58 82 9A 41 AC	22546	44097
00 00 80 88 53 AC	0	44115
DB 31 82 74 65 AC	12763	44133
DB 66 81 60 77 AC	26331	44151
00 00 80 4C 89 AC	0	44169
00 00 80 EC E2 AC	0	44258
25 68 82 D8 F4 AC	26661	44276
92 44 82 C4 06 AD	17554	44294
49 12 80 B2 18 AD	4681	44312
17 26 83 9E 2A AD	9751	44330
DB 53 82 8A 3C AD	21467	44348
80 37 82 76 4E AD	14208	44366
5B 4A 82 64 60 AD	19035	44384
00 00 80 50 72 AD	0	44402
00 00 80 02 BA AD	0	44474
92 26 81 EE CB AD	9874	44491
C9 36 82 DC DD AD	14025	44509
00 00 80 C8 EF AD	0	44527
00 00 80 B4 01 AE	0	44545
00 33 82 A0 13 AE	13056	44563
4E 26 83 8E 25 AE	9806	44581
00 00 80 7A 37 AE	0	44599
00 00 80 54 5B AE	0	44635
DB 3A 81 40 6D AE	15067	44653
EE 29 82 2C 7F AE	10734	44671
C9 36 82 18 91 AE	14025	44689
00 00 80 06 A3 AE	0	44707
00 00 80 90 0E AF	0	44814
A5 2D 82 7E 20 AF	11685	44832
5B 35 82 6A 32 AF	13659	44850
00 00 80 56 44 AF	0	44868
25 29 80 42 56 AF	10533	44886
25 4D 81 30 68 AF	19749	44904
6E 41 82 1C 7A AF	16750	44922
00 00 80 08 8C AF	0	44940
A5 4D 82 F6 9D AF	19877	44957
DB 4E 80 E2 AF AF	20187	44975
5B 4C 82 CE C1 AF	19547	44993
00 00 80 BA D3 AF	0	45011
00 00 80 94 F7 AF	0	45047
00 26 82 80 09 B0	9728	45065
00 5E 81 6C 1B B0	24064	45083
A5 25 82 5A 2D B0	9637	45101
00 00 80 46 3F B0	0	45119
B7 45 82 32 51 B0	17847	45137
00 08 80 20 63 B0	2048	45155
25 01 80 0C 75 B0	293	45173
E9 32 83 F8 86 B0	13033	45190
C9 5A 82 E4 98 B0	23241	45208
00 00 80 D2 AA B0	0	45226
00 00 80 BE BC B0	0	45244
EE 45 82 AA CE B0	17902	45262
6E 0B 80 98 E0 B0	2926	45280
F2 3D 83 84 F2 B0	15858	45298
12 5E 82 70 04 B1	24082	45316
00 00 80 5C 16 B1	0	45334
5B 30 82 4A 28 B1	12379	45352
6E 3E 82 36 3A B1	15982	45370
49 64 82 22 4C B1	25673	45388
12 3E 82 0E 5E B1	15890	45406
05 31 83 FC 6F B1	12549	45423
85 25 83 E8 81 B1	9605	45441
DB 58 81 D4 93 B1	22747	45459
00 00 80 C2 A5 B1	0	45477
00 00 80 86 DB B1	0	45531
B7 42 82 74 ED B1	17079	45549
00 00 80 60 FF B1	0	45567
C9 23 82 4C 11 B2	9161	45585
00 00 80 3A 23 B2	0	45603
00 00 80 EC 6A B2	0	45674
25 41 80 D8 7C B2	16677	45692
00 00 80 C4 8E B2	0	45710
00 00 80 76 D6 B2	0	45782
92 34 82 64 E8 B2	13458	45800
DB 2A 81 50 FA B2	10971	45818
00 00 80 3C 0C B3	0	45836
00 00 80 16 30 B3	0	45872
EE 22 82 02 42 B3	8942	45890
00 5A 81 EE 53 B3	23040	45907
00 00 80 DA 65 B3	0	45925
00 00 80 66 D1 B3	0	46033
60 2F 83 52 E3 B3	12128	46051
25 26 82 40 F5 B3	9765	46069
C9 39 82 2C 07 B4	14793	46087
00 00 80 18 19 B4	0	46105
00 00 80 06 2B B4	0	46123
00 55 82 F2 3C B4	21760	46140
37 34 82 DE 4E B4	13367	46158
00 00 80 CA 60 B4	0	46176
00 00 80 08 14 B5	0	46356
B7 28 82 F4 25 B5	10423	46373
00 00 80 E2 37 B5	0	46391
00 00 80 BA 5B B5	0	46427
EE 25 82 A6 6D B5	9710	46445
00 00 80 94 7F B5	0	46463
00 00 80 1E EB B5	0	46571
B7 77 81 0C FD B5	30647	46589
DB 47 82 F8 0E B6	18395	46606
00 00 80 E4 20 B6	0	46624
EE 23 82 D2 32 B6	9198	46642
00 00 80 BE 44 B6	0	46660
00 00 80 96 68 B6	0	46696
25 4C 82 84 7A B6	19493	46714
00 00 80 70 8C B6	0	46732
00 00 80 5C 9E B6	0	46750
00 25 82 48 B0 B6	9472	46768
92 2D 82 36 C2 B6	11666	46786
C9 55 82 22 D4 B6	21961	46804
B7 25 81 0E E6 B6	9655	46822
A9 2B 83 FC F7 B6	11177	46839
25 2F 82 E8 09 B7	12069	46857
80 5C 82 D4 1B B7	23680	46875
5B 60 82 C0 2D B7	24667	46893
32 23 83 AE 3F B7	9010	46911
29 20 83 9A 51 B7	8233	46929
C0 23 83 86 63 B7	9152	46947
DB 06 80 72 75 B7	1755	46965
00 00 80 60 87 B7	0	46983
00 00 80 12 CF B7	0	47055
00 5C 81 FE E0 B7	23552	47072
49 22 81 EA F2 B7	8777	47090
00 18 80 D8 04 B8	6144	47108
6E 03 80 C4 16 B8	878	47126
80 28 82 B0 28 B8	10368	47144
B7 27 82 9E 3A B8	10167	47162
00 00 80 8A 4C B8	0	47180
00 00 80 50 82 B8	0	47234
5B 33 82 3C 94 B8	13147	47252
00 00 80 28 A6 B8	0	47270
00 00 80 14 B8 B8	0	47288
80 24 83 02 CA B8	9344	47306
52 21 83 EE DB B8	8530	47323
00 68 80 DA ED B8	26624	47341
17 28 83 C8 FF B8	10263	47359
EE 24 82 B4 11 B9	9454	47377
00 00 80 A0 23 B9	0	47395
65 2D 83 8C 35 B9	11621	47413
C9 79 82 7A 47 B9	31177	47431
B7 57 81 66 59 B9	22455	47449
B7 69 82 52 6B B9	27063	47467
5B 26 82 40 7D B9	9819	47485
00 00 80 2C 8F B9	0	47503
25 01 80 18 A1 B9	293	47521
00 00 80 04 B3 B9	0	47539
00 00 80 B6 FA B9	0	47610
B7 1D 80 A4 0C BA	7607	47628
DB 2C 81 90 1E BA	11483	47646
00 00 80 7C 30 BA	0	47664
00 00 80 2E 78 BA	0	47736
49 27 82 1C 8A BA	10057	47754
00 00 80 08 9C BA	0	47772
C9 70 82 F4 AD BA	28873	47789
E0 2C 83 E0 BF BA	11488	47807
25 6B 81 CE D1 BA	27429	47825
D7 2E 83 BA E3 BA	11991	47843
45 22 83 A6 F5 BA	8773	47861
DB 25 82 94 07 BB	9691	47879
00 7A 82 80 19 BB	31232	47897
92 32 83 6C 2B BB	12946	47915
92 2F 83 58 3D BB	12178	47933
BB 31 83 46 4F BB	12731	47951
7B 20 83 32 61 BB	8315	47969
A5 44 82 1E 73 BB	17573	47987
00 00 80 0C 85 BB	0	48005
00 00 80 AA DE BB	0	48094
C9 48 82 96 F0 BB	18633	48112
B7 60 82 82 02 BC	24759	48130
49 3C 82 70 14 BC	15433	48148
C9 42 82 5C 26 BC	17097	48166
00 00 80 48 38 BC	0	48184
DB 76 80 36 4A BC	30427	48202
00 00 80 22 5C BC	0	48220
00 00 80 AC C7 BC	0	48327
25 2B 82 9A D9 BC	11045	48345
25 19 80 86 EB BC	6437	48363
00 00 80 72 FD BC	0	48381
49 62 81 60 0F BD	25161	48399
00 00 80 4C 21 BD	0	48417
00 00 80 12 57 BD	0	48471
49 40 81 FE 68 BD	16457	48488
00 00 80 EA 7A BD	0	48506
00 00 80 9C C2 BD	0	48578
49 21 82 8A D4 BD	8521	48596
00 00 80 76 E6 BD	0	48614
00 00 80 3E 05 BF	0	48901
5B 2C 82 2C 17 BF	11355	48919
00 00 80 18 29 BF	0	48937
25 3E 82 04 3B BF	15909	48955
49 38 81 F0 4C BF	14409	48972
00 00 80 DE 5E BF	0	48990
00 00 80 CA 70 BF	0	49008
25 40 82 B6 82 BF	16421	49026
00 00 80 A4 94 BF	0	49044
00 00 80 2E 00 C0	0	49152
00 32 81 1A 12 C0	12800	49170
00 00 80 08 24 C0	0	49188
00 00 80 E0 47 C0	0	49223
49 28 82 CE 59 C0	10313	49241
00 00 80 BA 6B C0	0	49259
00 00 80 A6 7D C0	0	49277
00 28 82 92 8F C0	10240	49295
00 00 80 80 A1 C0	0	49313
00 00 80 0A 0D C1	0	49421
DB 34 82 F8 1E C1	13531	49438
C9 47 82 E4 30 C1	18377	49456
92 34 80 D0 42 C1	13458	49474
00 00 80 BC 54 C1	0	49492
00 00 80 C0 3D C2	0	49725
B7 20 82 AC 4F C2	8375	49743
D7 22 83 9A 61 C2	8919	49761
5B 2C 82 86 73 C2	11355	49779
00 00 80 72 85 C2	0	49797
00 00 80 24 CD C2	0	49869
25 7B 81 12 DF C2	31525	49887
00 00 80 FE F0 C2	0	49904
A5 49 82 EA 02 C3	18853	49922
00 00 80 D6 14 C3	0	49940
00 00 80 C4 26 C3	0	49958
C9 50 82 B0 38 C3	20681	49976
00 00 80 9C 4A C3	0	49994
C9 31 82 88 5C C3	12745	50012
DB 6C 82 76 6E C3	27867	50030
00 00 80 62 80 C3	0	50048
00 00 80 EE EB C3	0	50155
EE 28 82 DA FD C3	10478	50173
25 09 80 C6 0F C4	2341	50191
00 00 80 B2 21 C4	0	50209
00 00 80 A0 33 C4	0	50227
6E 4C 82 8C 45 C4	19566	50245
00 00 80 78 57 C4	0	50263
00 00 80 B6 0A C5	0	50442
49 4A 81 A2 1C C5	19017	50460
B7 29 82 90 2E C5	10679	50478
00 00 80 7C 40 C5	0	50496
00 00 80 08 AC C5	0	50604
DB 29 82 F4 BD C5	10715	50621
6E 43 80 E0 CF C5	17262	50639
00 00 80 CC E1 C5	0	50657
00 00 80 BA F3 C5	0	50675
92 44 80 A6 05 C6	17554	50693
00 54 82 92 17 C6	21504	50711
A5 21 82 7E 29 C6	8613	50729
92 28 81 6C 3B C6	10386	50747
3B 33 83 58 4D C6	13115	50765
00 00 80 44 5F C6	0	50783
DB 76 80 32 71 C6	30427	50801
00 00 80 1E 83 C6	0	50819
00 00 80 34 5A C7	0	51034
5B 58 82 20 6C C7	22619	51052
92 26 81 0E 7E C7	9874	51070
00 00 80 FA 8F C7	0	51087
00 00 80 D4 B3 C7	0	51123
F7 21 83 C0 C5 C7	8695	51141
6E 53 80 AC D7 C7	21358	51159
80 64 82 98 E9 C7	25728	51177
89 34 83 86 FB C7	13449	51195
5B 2D 83 72 0D C8	11611	51213
25 2F 82 5E 1F C8	12069	51231
92 61 82 4C 31 C8	24978	51249
00 00 80 38 43 C8	0	51267
C5 2C 83 24 55 C8	11461	51285
6E 73 80 10 67 C8	29550	51303
00 00 80 FE 78 C8	0	51320
92 20 82 EA 8A C8	8338	51338
C9 37 82 D6 9C C8	14281	51356
DB 30 82 C2 AE C8	12507	51374
00 00 80 B0 C0 C8	0	51392
00 00 80 88 E4 C8	0	51428
12 28 82 76 F6 C8	10258	51446
25 41 82 62 08 C9	16677	51464
49 22 80 4E 1A C9	8777	51482
00 00 80 3A 2C C9	0	51500
00 00 80 A0 BB C9	0	51643
80 54 82 8C CD C9	21632	51661
00 64 81 78 DF C9	25600	51679
37 69 82 64 F1 C9	26935	51697
00 00 80 52 03 CA	0	51715
00 00 80 3E 15 CA	0	51733
C9 20 83 2A 27 CA	8393	51751
00 00 80 18 39 CA	0	51769
6E 75 81 04 4B CA	30062	51787
00 00 80 F0 5C CA	0	51804
00 00 80 7C C8 CA	0	51912
00 28 81 68 DA CA	10240	51930
49 1A 80 54 EC CA	6729	51948
37 2A 82 42 FE CA	10807	51966
00 00 80 2E 10 CB	0	51984
00 00 80 34 E2 CC	0	52450
DB 32 82 20 F4 CC	13019	52468
92 2E 81 0E 06 CD	11922	52486
00 00 80 FA 17 CD	0	52503
80 3F 82 E6 29 CD	16256	52521
00 00 80 D2 3B CD	0	52539
25 5D 82 C0 4D CD	23845	52557
00 00 80 AC 5F CD	0	52575
00 00 80 86 83 CD	0	52611
DB 66 80 72 95 CD	26331	52629
DB 3A 81 5E A7 CD	15067	52647
00 00 80 4A B9 CD	0	52665
00 00 80 FC 00 CE	0	52736
6E 2C 82 EA 12 CE	11374	52754
49 4A 80 D6 24 CE	19017	52772
92 6C 81 C2 36 CE	27794	52790
00 00 80 B0 48 CE	0	52808
00 00 80 14 D8 CE	0	52952
49 3D 82 00 EA CE	15689	52970
12 6E 82 EC FB CE	28178	52987
00 00 80 DA 0D CF	0	53005
00 00 80 B2 31 CF	0	53041
A5 25 82 9E 43 CF	9637	53059
00 00 80 8C 55 CF	0	53077
00 00 80 04 D3 CF	0	53203
25 51 81 F0 E4 CF	20773	53220
00 00 80 DC F6 CF	0	53238
00 00 80 C8 08 D0	0	53256
49 2D 82 B6 1A D0	11593	53274
00 00 80 A2 2C D0	0	53292
00 00 80 68 62 D0	0	53346
80 3A 82 54 74 D0	14976	53364
EE 28 82 40 86 D0	10478	53382
00 50 82 2E 98 D0	20480	53400
00 00 80 1A AA D0	0	53418
00 00 80 06 BC D0	0	53436
00 29 82 F2 CD D0	10496	53453
00 00 80 E0 DF D0	0	53471
00 00 80 CC F1 D0	0	53489
92 52 81 B8 03 D1	21138	53507
00 2A 81 A6 15 D1	10752	53525
00 00 80 92 27 D1	0	53543
00 00 80 A8 FE D1	0	53758
DB 2A 81 94 10 D2	10971	53776
B7 05 80 82 22 D2	1463	53794
00 00 80 6E 34 D2	0	53812
00 00 80 48 58 D2	0	53848
B7 2A 82 34 6A D2	10935	53866
DB 46 80 20 7C D2	18139	53884
00 00 80 0C 8E D2	0	53902
00 00 80 AC E7 D2	0	53991
49 4A 82 98 F9 D2	19017	54009
49 25 82 84 0B D3	9545	54027
00 00 80 72 1D D3	0	54045
00 00 80 4A 41 D3	0	54081
92 5A 81 36 53 D3	23186	54099
49 02 80 24 65 D3	585	54117
00 00 80 10 77 D3	0	54135
00 00 80 AE D0 D3	0	54224
12 3F 82 9C E2 D3	16146	54242
00 00 80 88 F4 D3	0	54260
00 00 80 14 60 D4	0	54368
DB 49 82 00 72 D4	18907	54386
00 50 80 EC 83 D4	20480	54403
5B 29 82 D8 95 D4	10587	54421
49 3A 80 C6 A7 D4	14921	54439
00 00 80 B2 B9 D4	0	54457
00 00 80 78 EF D4	0	54511
EE 38 82 64 01 D5	14574	54529
25 01 80 50 13 D5	293	54547
00 00 80 3E 25 D5	0	54565
00 00 80 16 49 D5	0	54601
C9 33 82 02 5B D5	13257	54619
49 3B 82 F0 6C D5	15177	54636
00 37 82 DC 7E D5	14080	54654
DB 27 82 C8 90 D5	10203	54672
25 29 80 B6 A2 D5	10533	54690
00 00 80 A2 B4 D5	0	54708
00 00 80 7A D8 D5	0	54744
B7 61 81 68 EA D5	25015	54762
00 00 80 54 FC D5	0	54780
00 00 80 40 0E D6	0	54798
EE 25 82 2C 20 D6	9710	54816
12 53 82 1A 32 D6	21266	54834
25 21 81 06 44 D6	8485	54852
A5 3C 82 F2 55 D6	15525	54869
00 00 80 E0 67 D6	0	54887
00 00 80 0A 2D D7	0	55085
00 5C 82 F6 3E D7	23552	55102
25 3F 82 E2 50 D7	16165	55120
00 70 81 CE 62 D7	28672	55138
00 00 80 BC 74 D7	0	55156
00 00 80 24 ED D8	0	55533
B7 66 82 10 FF D8	26295	55551
6E 53 80 FC 10 D9	21358	55568
00 00 80 E8 22 D9	0	55586
00 00 80 AE 58 D9	0	55640
80 46 82 9A 6A D9	18048	55658
00 00 80 88 7C D9	0	55676
00 00 80 78 77 DA	0	55927
B7 3D 82 64 89 DA	15799	55945
DB 26 81 50 9B DA	9947	55963
00 00 80 3C AD DA	0	55981
00 00 80 7A 60 DB	0	56160
A5 37 82 66 72 DB	14245	56178
EE 5C 82 54 84 DB	23790	56196
00 00 80 40 96 DB	0	56214
00 00 80 1A BA DB	0	56250
00 54 82 06 CC DB	21504	56268
00 00 80 F2 DD DB	0	56285
12 2E 82 DE EF DB	11794	56303
49 02 80 CC 01 DC	585	56321
00 00 80 B8 13 DC	0	56339
6E 5F 81 A4 25 DC	24430	56357
00 00 80 92 37 DC	0	56375
00 00 80 56 6D DC	0	56429
B7 15 80 44 7F DC	5559	56447
00 00 80 30 91 DC	0	56465
00 00 80 94 20 DD	0	56608
49 3D 82 80 32 DD	15689	56626
00 00 80 6E 44 DD	0	56644
00 00 80 20 8C DD	0	56716
25 75 81 0C 9E DD	29989	56734
00 00 80 F8 AF DD	0	56751
00 00 80 98 09 DE	0	56841
DB 2B 82 84 1B DE	11227	56859
12 2E 82 70 2D DE	11794	56877
B7 45 81 5E 3F DE	17847	56895
00 66 81 4A 51 DE	26112	56913
00 00 80 36 63 DE	0	56931
00 00 80 9A F2 DE	0	57074
F2 2D 83 88 04 DF	11762	57092
00 00 80 74 16 DF	0	57110
00 00 80 26 5E DF	0	57182
6E 2D 82 12 70 DF	11630	57200
DB 57 82 FE 81 DF	22491	57217
00 00 80 EC 93 DF	0	57235
00 00 80 8A ED DF	0	57325
49 70 81 76 FF DF	28745	57343
00 78 80 64 11 E0	30720	57361
37 31 82 50 23 E0	12599	57379
00 00 80 3C 35 E0	0	57397
00 00 80 2A 47 E0	0	57415
09 26 83 16 59 E0	9737	57433
12 23 82 02 6B E0	8978	57451
25 28 82 EE 7C E0	10277	57468
00 00 80 DC 8E E0	0	57486
00 00 80 C8 A0 E0	0	57504
DB 38 82 B4 B2 E0	14555	57522
00 00 80 A0 C4 E0	0	57540
A5 21 82 8E D6 E0	8613	57558
00 00 80 7A E8 E0	0	57576
00 00 80 06 54 E1	0	57684
EE 34 82 F2 65 E1	13550	57701
EE 3D 82 DE 77 E1	15854	57719
00 00 80 CA 89 E1	0	57737
00 00 80 B8 9B E1	0	57755
00 57 82 A4 AD E1	22272	57773
00 00 80 90 BF E1	0	57791
00 00 80 7E D1 E1	0	57809
B7 39 81 6A E3 E1	14775	57827
00 00 80 56 F5 E1	0	57845
00 00 80 42 07 E2	0	57863
B7 2B 82 30 19 E2	11191	57881
6E 49 81 1C 2B E2	18798	57899
00 00 80 08 3D E2	0	57917
00 7E 81 F6 4E E2	32256	57934
12 58 82 E2 60 E2	22546	57952
00 00 80 CE 72 E2	0	57970
00 00 80 46 F0 E2	0	58096
DB 29 82 32 02 E3	10715	58114
00 00 80 20 14 E3	0	58132
49 3D 82 0C 26 E3	15689	58150
00 00 80 F8 37 E3	0	58167
00 00 80 D2 5B E3	0	58203
C9 26 82 BE 6D E3	9929	58221
B7 3D 82 AA 7F E3	15799	58239
00 00 80 98 91 E3	0	58257
00 00 80 84 A3 E3	0	58275
1B 26 83 70 B5 E3	9755	58293
92 04 80 5C C7 E3	1170	58311
80 22 82 4A D9 E3	8832	58329
25 01 80 36 EB E3	293	58347
00 00 80 22 FD E3	0	58365
00 00 80 D4 44 E4	0	58436
A5 41 82 C2 56 E4	16805	58454
00 3C 81 AE 68 E4	15360	58472
00 00 80 9A 7A E4	0	58490
00 00 80 60 B0 E4	0	58544
00 74 81 4C C2 E4	29696	58562
00 00 80 38 D4 E4	0	58580
00 00 80 26 E6 E4	0	58598
6E 20 82 12 F8 E4	8302	58616
B7 49 82 FE 09 E5	18871	58633
C9 34 82 EC 1B E5	13513	58651
80 32 82 D8 2D E5	12928	58669
6E 5F 81 C4 3F E5	24430	58687
00 00 80 B0 51 E5	0	58705
DB 3F 82 9E 63 E5	16347	58723
00 68 81 8A 75 E5	26624	58741
00 00 80 76 87 E5	0	58759
00 00 80 64 99 E5	0	58777
00 6E 81 50 AB E5	28160	58795
00 00 80 3C BD E5	0	58813
00 00 80 16 E1 E5	0	58849
49 42 81 02 F3 E5	16969	58867
00 00 80 EE 04 E6	0	58884
00 00 80 7A 70 E6	0	58992
6E 29 81 66 82 E6	10606	59010
B7 7B 82 52 94 E6	31671	59028
25 01 80 40 A6 E6	293	59046
00 00 80 2C B8 E6	0	59064
00 00 80 1C B3 E7	0	59315
92 37 82 08 C5 E7	14226	59333
00 00 80 F4 D6 E7	0	59350
80 4A 82 E2 E8 E7	19072	59368
00 00 80 CE FA E7	0	59386
49 54 81 BA 0C E8	21577	59404
00 00 80 A6 1E E8	0	59422
00 00 80 46 78 E8	0	59512
92 52 81 32 8A E8	21138	59530
00 00 80 1E 9C E8	0	59548
00 00 80 D2 E3 E8	0	59619
DB 54 82 BE F5 E8	21723	59637
25 09 80 AA 07 E9	2341	59655
00 00 80 96 19 E9	0	59673
92 36 81 84 2B E9	13970	59691
25 01 80 70 3D E9	293	59709
80 68 82 5C 4F E9	26752	59727
00 00 80 48 61 E9	0	59745
00 00 80 9A 02 EA	0	59906
25 45 82 86 14 EA	17701	59924
6E 03 80 72 26 EA	878	59942
00 00 80 60 38 EA	0	59960
25 77 81 4C 4A EA	30501	59978
00 00 80 38 5C EA	0	59996
49 78 81 26 6E EA	30793	60014
00 00 80 12 80 EA	0	60032
00 00 80 EE 8C EB	0	60300
49 42 81 DA 9E EB	16969	60318
00 00 80 C8 B0 EB	0	60336
00 00 80 A0 D4 EB	0	60372
5B 2C 82 8C E6 EB	11355	60390
00 00 80 7A F8 EB	0	60408
00 00 80 CA 99 EC	0	60569
12 6E 82 B6 AB EC	28178	60587
25 77 81 A4 BD EC	30501	60605
00 00 80 90 CF EC	0	60623
00 00 80 6A F3 EC	0	60659
37 65 82 56 05 ED	25911	60677
DB 54 81 42 17 ED	21723	60695
00 00 80 2E 29 ED	0	60713
00 00 80 08 4D ED	0	60749
6E 3B 82 F4 5E ED	15214	60766
B7 45 80 E0 70 ED	17847	60784
00 00 80 CE 82 ED	0	60802
00 00 80 82 B3 EE	0	61107
00 26 82 70 C5 EE	9728	61125
00 68 81 5C D7 EE	26624	61143
00 00 80 48 E9 EE	0	61161
80 2E 82 36 FB EE	11904	61179
00 66 81 22 0D EF	26112	61197
DB 26 80 0E 1F EF	9947	61215
49 33 82 FA 30 EF	13129	61232
00 00 80 E8 42 EF	0	61250
00 00 80 C0 66 EF	0	61286
92 44 81 AC 78 EF	17554	61304
00 3E 82 9A 8A EF	15872	61322
00 00 80 86 9C EF	0	61340
92 64 81 72 AE EF	25746	61358
00 00 80 60 C0 EF	0	61376
00 00 80 FE 19 F0	0	61465
B7 69 81 EA 2B F0	27063	61483
80 2F 82 D8 3D F0	12160	61501
6E 03 80 C4 4F F0	878	61519
00 00 80 B0 61 F0	0	61537
00 00 80 8A 85 F0	0	61573
5B 2A 82 76 97 F0	10843	61591
00 00 80 62 A9 F0	0	61609
00 00 80 66 92 F1	0	61842
12 6A 82 52 A4 F1	27154	61860
25 09 80 3E B6 F1	2341	61878
00 00 80 2C C8 F1	0	61896
00 00 80 18 DA F1	0	61914
49 68 81 04 EC F1	26697	61932
25 23 81 F0 FD F1	8997	61949
25 71 81 DE 0F F2	28965	61967
25 77 81 CA 21 F2	30501	61985
92 6A 81 B6 33 F2	27282	62003
00 00 80 A4 45 F2	0	62021
00 00 80 2E B1 F2	0	62129
92 74 82 1A C3 F2	29842	62147
00 00 80 08 D5 F2	0	62165
00 00 80 CE 0A F3	0	62218
00 34 82 BA 1C F3	13312	62236
00 00 80 A6 2E F3	0	62254
00 00 80 32 9A F3	0	62362
C9 33 82 1E AC F3	13257	62380
00 00 80 0A BE F3	0	62398
25 38 82 F8 CF F3	14373	62415
00 00 80 E4 E1 F3	0	62433
00 00 80 D4 DC F4	0	62684
00 30 81 C0 EE F4	12288	62702
EE 53 82 AC 00 F5	21486	62720
37 3C 82 9A 12 F5	15415	62738
00 00 80 86 24 F5	0	62756
00 00 80 5E 48 F5	0	62792
49 6C 82 4C 5A F5	27721	62810
00 00 80 38 6C F5	0	62828
7B 2F 83 24 7E F5	12155	62846
00 4C 81 10 90 F5	19456	62864
6E 63 80 FE A1 F5	25454	62881
49 58 81 EA B3 F5	22601	62899
00 00 80 D6 C5 F5	0	62917
00 00 80 62 31 F6	0	63025
00 4B 82 4E 43 F6	19200	63043
80 3C 82 3C 55 F6	15488	63061
5B 30 82 28 67 F6	12379	63079
00 00 80 14 79 F6	0	63097
00 00 80 90 DF F7	0	63455
5B 61 82 7C F1 F7	24923	63473
25 35 81 68 03 F8	13605	63491
B7 3F 81 54 15 F8	16311	63509
00 00 80 42 27 F8	0	63527
00 00 80 E0 80 F8	0	63616
A5 6E 82 CC 92 F8	28325	63634
DB 46 80 BA A4 F8	18139	63652
00 00 80 A6 B6 F8	0	63670
00 00 80 5C E7 F9	0	63975
DB 3A 82 48 F9 F9	15067	63993
00 00 80 34 0B FA	0	64011
B7 20 82 20 1D FA	8375	64029
6E 43 80 0E 2F FA	17262	64047
00 00 80 FA 40 FA	0	64064
DB 41 82 E6 52 FA	16859	64082
00 00 80 D4 64 FA	0	64100
00 00 80 5E D0 FA	0	64208
00 50 81 4A E2 FA	20480	64226
92 1C 80 38 F4 FA	7314	64244
00 10 80 24 06 FB	4096	64262
00 00 80 10 18 FB	0	64280
6E 3F 81 FE 29 FB	16238	64297
00 00 80 EA 3B FB	0	64315
00 00 80 C2 5F FB	0	64351
00 78 81 B0 71 FB	30720	64369
00 00 80 9C 83 FB	0	64387
00 00 80 3A DD FB	0	64477
37 41 82 28 EF FB	16695	64495
25 61 80 14 01 FC	24869	64513
00 00 80 00 13 FC	0	64531
00 00 80 DA 36 FC	0	64566
49 56 82 C6 48 FC	22089	64584
25 2F 81 B2 5A FC	12069	64602
92 5A 82 A0 6C FC	23186	64620
00 00 80 8C 7E FC	0	64638
25 61 81 78 90 FC	24869	64656
6E 3D 82 64 A2 FC	15726	64674
49 02 80 52 B4 FC	585	64692
00 00 80 3E C6 FC	0	64710
00 00 80 DC 1F FD	0	64799
25 2D 81 CA 31 FD	11557	64817
92 3B 82 B6 43 FD	15250	64835
49 12 80 A2 55 FD	4681	64853
80 2D 82 8E 67 FD	11648	64871
49 42 81 7C 79 FD	16969	64889
DB 42 81 68 8B FD	17115	64907
00 00 80 54 9D FD	0	64925
00 00 80 A6 3E FE	0	65086
EE 52 82 92 50 FE	21230	65104
6E 2B 83 7E 62 FE	11118	65122
00 08 80 6C 74 FE	2048	65140
00 00 80 58 86 FE	0	65158
00 00 80 A8 27 FF	0	65319
25 69 81 96 39 FF	26917	65337
6E 49 81 82 4B FF	18798	65355
49 2D 82 6E 5D FF	11593	65373
00 00 80 5A 6F FF	0	65391
00 00 80 34 93 FF	0	65427
DB 68 81 20 A5 FF	26843	65445
6E 31 81 0E B7 FF	12654	65463
00 00 80 FA C8 FF	0	65480
00 00 80 E6 DA FF	0	65498
6E 23 82 D2 EC FF	9070	65516
6E 2D 81 C0 FE FF	11630	65534
B7 29 93 56 08 80	10679	32776
00 4A 91 4C 11 80	18944	32785
00 00 90 42 1A 80	0	32794
00 00 90 26 35 80	0	32821
B7 75 90 1C 3E 80	30135	32830
00 76 91 12 47 80	30208	32839
D2 33 93 08 50 80	13266	32848
6E 3D 92 FE 58 80	15726	32856
80 34 92 F4 61 80	13440	32865
B7 58 92 EC 6A 80	22711	32874
00 00 90 E2 73 80	0	32883
00 00 90 76 D6 80	0	32982
6E 5F 91 6C DF 80	24430	32991
92 72 91 64 E8 80	29330	33000
00 00 90 5A F1 80	0	33009
00 00 90 50 FA 80	0	33018
37 58 92 46 03 81	22583	33027
B7 23 91 3C 0C 81	9143	33036
B7 53 91 32 15 81	21431	33045
00 08 90 28 1E 81	2048	33054
00 00 90 20 27 81	0	33063
00 00 90 F8 4A 81	0	33098
C9 24 92 EE 53 81	9417	33107
00 00 90 E4 5C 81	0	33116
00 00 90 C8 77 81	0	33143
12 32 92 BE 80 81	12818	33152
B7 5D 91 B4 89 81	23991	33161
00 00 90 AA 92 81	0	33170
00 00 90 A0 9B 81	0	33179
E0 29 93 96 A4 81	10720	33188
00 00 90 8E AD 81	0	33197
00 00 90 4A EC 81	0	33260
B7 25 91 40 F5 81	9655	33269
B7 26 92 36 FE 81	9911	33278
00 7E 91 2C 07 82	32256	33287
00 00 90 22 10 82	0	33296
00 00 90 18 19 82	0	33305
92 5E 92 0E 22 82	24210	33314
6E 3B 90 06 2B 82	15214	33323
92 68 91 FC 33 82	26770	33331
00 00 90 F2 3C 82	0	33340
00 00 90 B8 72 82	0	33394
A5 53 92 AE 7B 82	21413	33403
92 24 91 A4 84 82	9362	33412
00 00 90 9A 8D 82	0	33421
6E 28 92 90 96 82	10350	33430
00 00 90 86 9F 82	0	33439
00 00 90 60 C3 82	0	33475
C9 35 92 56 CC 82	13769	33484
00 00 90 4C D5 82	0	33493
00 00 90 26 F9 82	0	33529
25 2D 91 1C 02 83	11557	33538
49 6C 91 12 0B 83	27721	33547
00 26 91 08 14 83	9728	33556
6E 61 91 FE 1C 83	24942	33564
25 34 92 F4 25 83	13349	33573
00 00 90 EC 2E 83	0	33582
00 00 90 A0 5F 84	0	33887
00 6C 91 96 68 84	27648	33896
6E 51 91 8C 71 84	20846	33905
00 00 90 84 7A 84	0	33914
00 00 90 52 A7 84	0	33959
37 41 92 48 B0 84	16695	33968
B7 3D 90 40 B9 84	15799	33977
00 00 90 36 C2 84	0	33986
00 00 90 22 D4 84	0	34004
25 3C 92 18 DD 84	15397	34013
B7 3D 90 0E E6 84	15799	34022
80 26 92 04 EF 84	9856	34031
25 09 90 FC F7 84	2341	34039
00 00 90 F2 00 85	0	34048
00 00 90 D4 1B 85	0	34075
37 31 92 CA 24 85	12599	34084
DB 68 91 C0 2D 85	26843	34093
00 00 90 B8 36 85	0	34102
00 00 90 7C 6C 85	0	34156
12 43 92 72 75 85	17170	34165
00 00 90 6A 7E 85	0	34174
00 00 90 56 90 85	0	34192
6E 1B 90 4C 99 85	7022	34201
49 26 92 42 A2 85	9801	34210
DB 30 92 38 AB 85	12507	34219
00 00 90 2E B4 85	0	34228
00 00 90 1C C6 85	0	34246
92 28 92 12 CF 85	10386	34255
25 49 90 08 D8 85	18725	34264
00 00 90 FE E0 85	0	34272
00 00 90 E2 FB 85	0	34299
EE 24 93 D8 04 86	9454	34308
37 48 92 CE 0D 86	18487	34317
00 00 90 C4 16 86	0	34326
00 00 90 62 70 86	0	34416
DB 2A 92 58 79 86	10971	34425
92 50 91 50 82 86	20626	34434
25 11 90 46 8B 86	4389	34443
00 00 90 3C 94 86	0	34452
00 00 90 5C 62 87	0	34658
0E 25 93 52 6B 87	9486	34667
00 00 90 48 74 87	0	34676
00 00 90 04 B3 87	0	34739
B7 45 90 FA BB 87	17847	34747
92 64 90 F2 C4 87	25746	34756
00 00 90 E8 CD 87	0	34765
49 34 92 DE D6 87	13385	34774
00 00 90 D4 DF 87	0	34783
00 00 90 86 27 88	0	34855
EE 25 92 7C 30 88	9710	34864
92 14 90 72 39 88	5266	34873
00 00 90 6A 42 88	0	34882
00 00 90 42 66 88	0	34918
C9 3E 92 38 6F 88	16073	34927
49 02 90 2E 78 88	585	34936
00 00 90 26 81 88	0	34945
00 00 90 12 93 88	0	34963
92 54 91 08 9C 88	21650	34972
00 00 90 FE A4 88	0	34980
00 00 90 A6 F5 88	0	35061
C9 3D 92 9C FE 88	15817	35070
92 0C 90 94 07 89	3218	35079
00 00 90 8A 10 89	0	35088
C9 38 92 80 19 89	14537	35097
6E 69 91 76 22 89	26990	35106
00 00 90 6C 2B 89	0	35115
EE 59 92 62 34 89	23022	35124
92 2C 92 58 3D 89	11410	35133
00 00 90 50 46 89	0	35142
25 73 91 46 4F 89	29477	35151
92 44 91 3C 58 89	17554	35160
00 6A 91 32 61 89	27136	35169
00 00 90 28 6A 89	0	35178
00 00 90 14 7C 89	0	35196
37 3A 92 0C 85 89	14903	35205
00 00 90 02 8E 89	0	35214
00 00 90 C6 C3 89	0	35267
92 44 91 BE CC 89	17554	35276
49 26 91 B4 D5 89	9801	35285
00 00 90 AA DE 89	0	35294
00 00 90 7A 0B 8A	0	35339
B7 21 91 70 14 8A	8631	35348
00 00 90 66 1D 8A	0	35357
00 00 90 18 65 8A	0	35429
EE 24 92 0E 6E 8A	9454	35438
49 62 90 04 77 8A	25161	35447
00 00 90 FA 7F 8A	0	35455
6E 7E 92 F2 88 8A	32366	35464
00 00 90 E8 91 8A	0	35473
00 00 90 DE 9A 8A	0	35482
B7 3D 91 D4 A3 8A	15799	35491
DB 48 91 CA AC 8A	18651	35500
00 00 90 C0 B5 8A	0	35509
00 61 92 B6 BE 8A	24832	35518
00 00 90 AC C7 8A	0	35527
00 00 90 68 06 8B	0	35590
C9 26 92 60 0F 8B	9929	35599
00 00 90 56 18 8B	0	35608
00 00 90 E0 83 8B	0	35715
DB 62 91 D8 8C 8B	25307	35724
C9 2F 92 CE 95 8B	12233	35733
DB 7C 91 C4 9E 8B	31963	35742
00 00 90 BA A7 8B	0	35751
A5 2A 92 B0 B0 8B	10917	35760
92 36 91 A6 B9 8B	13970	35769
00 00 90 9C C2 8B	0	35778
00 00 90 8A D4 8B	0	35796
B7 3E 92 80 DD 8B	16055	35805
00 00 90 76 E6 8B	0	35814
00 00 90 D0 7E 8C	0	35966
49 74 91 C6 87 8C	29769	35975
00 00 90 BE 90 8C	0	35984
00 00 90 34 0E 8D	0	36110
85 24 93 2C 17 8D	9349	36119
B7 65 90 22 20 8D	26039	36128
00 00 90 18 29 8D	0	36137
00 00 90 FA 43 8D	0	36163
00 50 90 F0 4C 8D	20480	36172
00 00 90 E8 55 8D	0	36181
00 00 90 CA 70 8D	0	36208
B7 1D 90 C0 79 8D	7607	36217
6E 6B 90 B6 82 8D	27502	36226
00 00 90 AC 8B 8D	0	36235
00 00 90 42 EE 8D	0	36334
49 45 92 38 F7 8D	17737	36343
49 02 90 2E 00 8E	585	36352
00 00 90 24 09 8E	0	36361
00 00 90 1A 12 8E	0	36370
A5 31 92 12 1B 8E	12709	36379
00 00 90 08 24 8E	0	36388
00 00 90 62 BC 8E	0	36540
37 46 92 58 C5 8E	17975	36549
49 12 90 4E CE 8E	4681	36558
00 00 90 46 D7 8E	0	36567
00 00 90 78 93 8F	0	36755
00 37 92 70 9C 8F	14080	36764
00 00 90 66 A5 8F	0	36773
00 00 90 C0 3D 90	0	36925
97 4C 93 B6 46 90	19607	36934
00 00 90 AC 4F 90	0	36943
00 00 90 86 73 90	0	36979
00 58 91 7C 7C 90	22528	36988
DB 78 91 72 85 90	30939	36997
00 00 90 68 8E 90	0	37006
C9 4A 92 5E 97 90	19145	37015
25 29 90 56 A0 90	10533	37024
00 00 90 4C A9 90	0	37033
00 00 90 2E C4 90	0	37060
A5 5E 92 24 CD 90	24229	37069
00 00 90 1A D6 90	0	37078
00 00 90 EA 02 91	0	37122
B7 45 92 E0 0B 91	17847	37131
00 00 90 D6 14 91	0	37140
00 00 90 A6 41 91	0	37185
92 46 92 9C 4A 91	18066	37194
00 00 90 92 53 91	0	37203
00 42 91 88 5C 91	16896	37212
00 00 90 80 65 91	0	37221
00 00 90 62 80 91	0	37248
EE 5A 92 58 89 91	23278	37257
49 72 90 4E 92 91	29257	37266
00 00 90 44 9B 91	0	37275
B7 31 91 3C A4 91	12727	37284
00 00 90 32 AD 91	0	37293
00 00 90 BC 18 92	0	37400
25 01 90 B2 21 92	293	37409
00 00 90 AA 2A 92	0	37418
00 00 90 FA CB 92	0	37579
49 4A 91 F0 D4 92	19017	37588
00 00 90 E6 DD 92	0	37597
00 00 90 10 A3 93	0	37795
B7 41 92 08 AC 93	16823	37804
00 00 90 FE B4 93	0	37812
00 00 90 F4 BD 93	0	37821
00 43 92 EA C6 93	17152	37830
B7 46 92 E0 CF 93	18103	37839
00 00 90 D6 D8 93	0	37848
00 00 90 3A 68 94	0	37992
25 55 91 32 71 94	21797	38001
00 00 90 28 7A 94	0	38010
00 00 90 DA C1 94	0	38081
12 43 92 D0 CA 94	17170	38090
00 00 90 C6 D3 94	0	38099
00 00 90 B2 E5 94	0	38117
B7 6C 92 AA EE 94	27831	38126
5B 36 92 A0 F7 94	13915	38135
00 00 90 96 00 95	0	38144
00 00 90 3E 51 95	0	38225
6E 28 92 34 5A 95	10350	38234
37 28 93 2A 63 95	10295	38243
00 00 90 20 6C 95	0	38252
00 00 90 F0 98 95	0	38296
DB 4E 91 E6 A1 95	20187	38305
00 00 90 DC AA 95	0	38314
00 00 90 24 55 96	0	38485
DB 7C 91 1A 5E 96	31963	38494
DB 26 92 10 67 96	9947	38503
00 00 90 06 70 96	0	38512
00 00 90 44 23 97	0	38691
80 3E 92 3A 2C 97	16000	38700
00 00 90 32 35 97	0	38709
12 33 92 28 3E 97	13074	38718
B7 59 91 1E 47 97	22967	38727
00 00 90 14 50 97	0	38736
00 00 90 DA 85 97	0	38789
25 20 92 D0 8E 97	8229	38798
6E 03 90 C6 97 97	878	38807
49 6E 91 BC A0 97	28233	38816
00 00 90 B2 A9 97	0	38825
00 00 90 6E E8 97	0	38888
B7 36 92 64 F1 97	14007	38897
00 08 90 5C FA 97	2048	38906
00 00 90 52 03 98	0	38915
00 00 90 3E 15 98	0	38933
DB 7C 91 34 1E 98	31963	38942
00 00 90 2A 27 98	0	38951
00 00 90 20 30 98	0	38960
6E 03 90 18 39 98	878	38969
B7 3A 92 0E 42 98	15031	38978
00 00 90 04 4B 98	0	38987
00 00 90 B6 92 98	0	39058
49 62 91 AC 9B 98	25161	39067
92 20 92 A2 A4 98	8338	39076
00 00 90 98 AD 98	0	39085
00 00 90 C2 72 99	0	39282
92 3E 92 B8 7B 99	16018	39291
00 00 90 B0 84 99	0	39300
00 00 90 DA 49 9A	0	39497
5B 3F 92 D0 52 9A	16219	39506
DB 6E 91 C6 5B 9A	28379	39515
00 00 90 BC 64 9A	0	39524
00 00 90 82 9A 9A	0	39578
92 2C 90 78 A3 9A	11410	39587
00 00 90 6E AC 9A	0	39596
00 00 90 E0 1B 9C	0	39963
C9 47 92 D6 24 9C	18377	39972
00 00 90 CC 2D 9C	0	39981
00 00 90 74 7E 9C	0	40062
6E 31 91 6C 87 9C	12654	40071
00 00 90 62 90 9C	0	40080
00 00 90 20 B8 9D	0	40376
92 36 91 16 C1 9D	13970	40385
00 00 90 0C CA 9D	0	40394
00 00 90 D2 FF 9D	0	40447
25 53 91 C8 08 9E	21285	40456
25 2B 91 C0 11 9E	11045	40465
00 00 90 B6 1A 9E	0	40474
00 00 90 A2 2C 9E	0	40492
25 7F 92 98 35 9E	32549	40501
00 00 90 8E 3E 9E	0	40510
00 00 90 72 59 9E	0	40537
00 2D 92 68 62 9E	11520	40546
DB 6C 91 5E 6B 9E	27867	40555
00 00 90 54 74 9E	0	40564
00 00 90 1A AA 9E	0	40618
EE 35 92 10 B3 9E	13806	40627
00 00 90 06 BC 9E	0	40636
00 00 90 FC C4 9E	0	40644
92 04 90 F2 CD 9E	1170	40653
00 00 90 EA D6 9E	0	40662
00 00 90 E0 DF 9E	0	40671
5B 20 92 D6 E8 9E	8283	40680
25 29 90 CC F1 9E	10533	40689
00 00 90 C2 FA 9E	0	40698
00 00 90 4E 66 9F	0	40806
F7 25 93 44 6F 9F	9719	40815
B7 51 92 3A 78 9F	20919	40824
49 22 92 30 81 9F	8777	40833
00 00 90 26 8A 9F	0	40842
00 00 90 BC EC 9F	0	40940
80 51 92 B2 F5 9F	20864	40949
00 00 90 A8 FE 9F	0	40958
00 00 90 64 3D A0	0	41021
A5 73 92 5A 46 A0	29605	41030
00 00 90 50 4F A0	0	41039
00 00 90 C8 CC A0	0	41164
25 6A 92 BE D5 A0	27173	41173
DB 7E 90 B6 DE A0	32475	41182
B7 0D 90 AC E7 A0	3511	41191
00 00 90 A2 F0 A0	0	41200
00 00 90 8E 02 A1	0	41218
A5 2C 92 84 0B A1	11429	41227
00 00 90 7A 14 A1	0	41236
00 00 90 54 38 A1	0	41272
00 28 92 4A 41 A1	10240	41281
00 00 90 40 4A A1	0	41290
00 00 90 AE D0 A1	0	41424
6E 43 90 A4 D9 A1	17262	41433
49 31 92 9C E2 A1	12617	41442
00 00 90 92 EB A1	0	41451
00 00 90 74 06 A2	0	41478
DB 3C 91 6A 0F A2	15579	41487
DB 56 90 60 18 A2	22235	41496
00 00 90 58 21 A2	0	41505
00 00 90 A8 C2 A2	0	41666
6E 2B 92 9E CB A2	11118	41675
DB 06 90 94 D4 A2	1755	41684
00 00 90 8C DD A2	0	41693
00 00 90 46 1C A3	0	41756
12 24 92 3E 25 A3	9234	41765
00 00 90 34 2E A3	0	41774
00 00 90 2A 37 A3	0	41783
5B 26 92 20 40 A3	9819	41792
00 00 90 16 49 A3	0	41801
00 00 90 02 5B A3	0	41819
92 49 92 FA 63 A3	18834	41827
00 00 90 F0 6C A3	0	41836
00 00 90 68 EA A3	0	41962
5B 26 92 5E F3 A3	9819	41971
00 00 90 54 FC A3	0	41980
00 00 90 40 0E A4	0	41998
DB 2E 90 36 17 A4	11995	42007
C9 4E 92 2C 20 A4	20169	42016
00 00 90 24 29 A4	0	42025
00 00 90 1A 32 A4	0	42034
00 78 91 10 3B A4	30720	42043
00 00 90 06 44 A4	0	42052
00 00 90 A4 9D A4	0	42141
DB 38 91 9C A6 A4	14555	42150
6E 3E 92 92 AF A4	15982	42159
00 00 90 88 B8 A4	0	42168
00 00 90 30 09 A5	0	42249
C9 41 92 26 12 A5	16841	42258
00 00 90 1C 1B A5	0	42267
00 00 90 C6 6B A5	0	42347
A5 77 92 BC 74 A5	30629	42356
B7 2B 91 B2 7D A5	11191	42365
00 00 90 A8 86 A5	0	42374
00 00 90 6E BC A5	0	42428
00 2A 91 64 C5 A5	10752	42437
00 00 90 5A CE A5	0	42446
00 00 90 A2 78 A6	0	42616
6E 3B 92 98 81 A6	15214	42625
49 1A 90 8E 8A A6	6729	42634
00 00 90 84 93 A6	0	42643
00 00 90 10 FF A6	0	42751
00 70 90 06 08 A7	28672	42760
5B 20 92 FC 10 A7	8283	42768
00 00 90 F2 19 A7	0	42777
00 00 90 A4 61 A7	0	42849
12 22 92 9A 6A A7	8722	42858
00 00 90 92 73 A7	0	42867
00 00 90 6E 80 A8	0	43136
97 21 93 64 89 A8	8599	43145
00 00 90 5A 92 A8	0	43154
00 00 90 46 A4 A8	0	43172
80 5B 92 3C AD A8	23424	43181
6E 53 90 34 B6 A8	21358	43190
00 00 90 2A BF A8	0	43199
00 00 90 C8 18 A9	0	43288
12 69 92 BE 21 A9	26898	43297
00 00 90 B4 2A A9	0	43306
00 00 90 AC 33 A9	0	43315
DB 06 90 A2 3C A9	1755	43324
C9 38 92 98 45 A9	14537	43333
00 00 90 8E 4E A9	0	43342
00 00 90 7A 60 A9	0	43360
49 52 90 70 69 A9	21065	43369
25 4F 91 66 72 A9	20261	43378
00 00 90 5E 7B A9	0	43387
00 00 90 2C A8 A9	0	43432
6E 3D 91 22 B1 A9	15726	43441
B7 2D 90 1A BA A9	11703	43450
00 00 90 10 C3 A9	0	43459
00 00 90 56 6D AA	0	43629
37 67 92 4C 76 AA	26423	43638
00 00 90 44 7F AA	0	43647
37 30 92 3A 88 AA	12343	43656
00 00 90 30 91 AA	0	43665
25 5B 91 26 9A AA	23333	43674
00 7A 92 1C A3 AA	31232	43683
00 00 90 12 AC AA	0	43692
00 38 90 08 B5 AA	14336	43701
00 00 90 00 BE AA	0	43710
00 00 90 A8 0E AB	0	43790
00 3A 91 9E 17 AB	14848	43799
00 00 90 94 20 AB	0	43808
00 00 90 20 8C AB	0	43916
B7 44 92 16 95 AB	17591	43925
92 04 90 0C 9E AB	1170	43934
00 00 90 02 A7 AB	0	43943
00 00 90 F8 AF AB	0	43951
49 76 91 EE B8 AB	30281	43960
00 00 90 E6 C1 AB	0	43969
00 00 90 BE E5 AB	0	44005
92 44 91 B4 EE AB	17554	44014
00 00 90 AA F7 AB	0	44023
00 00 90 5E 3F AC	0	44095
37 33 92 54 48 AC	13111	44104
00 00 90 4A 51 AC	0	44113
00 00 90 06 90 AC	0	44176
12 46 92 FC 98 AC	17938	44184
EE 29 92 F2 A1 AC	10734	44193
00 00 90 E8 AA AC	0	44202
00 00 90 88 04 AD	0	44292
5B 39 92 7E 0D AD	14683	44301
00 00 90 74 16 AD	0	44310
00 00 90 60 28 AD	0	44328
92 24 92 56 31 AD	9362	44337
00 00 90 4C 3A AD	0	44346
00 00 90 44 43 AD	0	44355
6E 7B 91 3A 4C AD	31598	44364
00 00 90 30 55 AD	0	44373
00 00 90 26 5E AD	0	44382
B7 47 91 1C 67 AD	18359	44391
00 00 90 12 70 AD	0	44400
00 00 90 0C 62 AE	0	44642
80 2F 92 02 6B AE	12160	44651
49 5E 92 F8 73 AE	24137	44659
00 00 90 EE 7C AE	0	44668
00 00 90 2C 30 AF	0	44848
6E 7F 91 22 39 AF	32622	44857
6E 03 90 18 42 AF	878	44866
00 00 90 10 4B AF	0	44875
00 00 90 06 54 AF	0	44884
37 3C 92 FC 5C AF	15415	44892
00 00 90 F2 65 AF	0	44901
00 00 90 D4 80 AF	0	44928
B7 71 92 CA 89 AF	29111	44937
00 00 90 C2 92 AF	0	44946
00 00 90 9A B6 AF	0	44982
6E 55 91 90 BF AF	21870	44991
00 00 90 86 C8 AF	0	45000
00 00 90 30 19 B0	0	45081
37 39 92 26 22 B0	14647	45090
00 00 90 1C 2B B0	0	45099
00 00 90 EC 57 B0	0	45143
B7 72 92 E2 60 B0	29367	45152
00 00 90 D8 69 B0	0	45161
00 00 90 50 E7 B0	0	45287
37 4A 92 46 F0 B0	18999	45296
00 00 90 3C F9 B0	0	45305
00 6E 91 32 02 B1	28160	45314
DB 06 90 28 0B B1	1755	45323
5B 48 92 20 14 B1	18523	45332
49 5A 92 16 1D B1	23113	45341
92 04 90 0C 26 B1	1170	45350
92 57 92 02 2F B1	22418	45359
00 00 90 F8 37 B1	0	45367
DB 1E 90 EE 40 B1	7899	45376
DB 26 91 E4 49 B1	9947	45385
00 00 90 DC 52 B1	0	45394
00 00 90 D2 5B B1	0	45403
92 20 91 C8 64 B1	8338	45412
00 08 90 BE 6D B1	2048	45421
00 00 90 B4 76 B1	0	45430
00 00 90 98 91 B1	0	45457
B7 15 90 8E 9A B1	5559	45466
00 00 90 84 A3 B1	0	45475
00 00 90 D4 44 B2	0	45636
00 18 90 CA 4D B2	6144	45645
00 32 92 C2 56 B2	12800	45654
00 00 90 B8 5F B2	0	45663
00 00 90 FE 09 B3	0	45833
25 25 92 F4 12 B3	9509	45842
00 29 92 EC 1B B3	10496	45851
00 00 90 E2 24 B3	0	45860
00 00 90 C4 3F B3	0	45887
6E 4D 92 BA 48 B3	19822	45896
25 39 90 B0 51 B3	14629	45905
00 00 90 A8 5A B3	0	45914
00 00 90 94 6C B3	0	45932
A5 58 92 8A 75 B3	22693	45941
B7 20 92 80 7E B3	8375	45950
00 00 90 76 87 B3	0	45959
00 00 90 6C 90 B3	0	45968
25 29 92 64 99 B3	10533	45977
00 00 90 5A A2 B3	0	45986
C9 31 92 50 AB B3	12745	45995
A5 31 92 46 B4 B3	12709	46004
00 00 90 3C BD B3	0	46013
00 00 90 AA 43 B4	0	46147
12 27 92 A0 4C B4	10002	46156
00 00 90 96 55 B4	0	46165
00 00 90 66 82 B4	0	46210
DB 36 91 5C 8B B4	14043	46219
00 68 91 52 94 B4	26624	46228
00 00 90 4A 9D B4	0	46237
00 00 90 22 C1 B4	0	46273
EE 3E 92 18 CA B4	16110	46282
00 00 90 0E D3 B4	0	46291
00 00 90 86 50 B5	0	46416
45 23 93 7C 59 B5	9029	46425
00 2C 92 74 62 B5	11264	46434
00 00 90 6A 6B B5	0	46443
00 00 90 12 BC B5	0	46524
A5 3E 92 08 C5 B5	16037	46533
00 00 90 FE CD B5	0	46541
00 00 90 EA DF B5	0	46559
6E 5B 90 E2 E8 B5	23406	46568
00 00 90 D8 F1 B5	0	46577
00 00 90 80 42 B6	0	46658
00 36 92 76 4B B6	13824	46667
00 00 90 6C 54 B6	0	46676
00 00 90 32 8A B6	0	46730
B7 23 91 28 93 B6	9143	46739
92 4C 90 1E 9C B6	19602	46748
00 00 90 16 A5 B6	0	46757
00 00 90 F8 BF B6	0	46783
00 6C 91 EE C8 B6	27648	46792
00 00 90 E4 D1 B6	0	46801
00 00 90 9A 02 B8	0	47106
00 3C 91 90 0B B8	15360	47115
B7 61 91 86 14 B8	25015	47124
00 00 90 7C 1D B8	0	47133
00 00 90 E2 AC B8	0	47276
49 39 92 D8 B5 B8	14665	47285
6E 2D 91 CE BE B8	11630	47294
00 00 90 C4 C7 B8	0	47303
00 00 90 6C 18 B9	0	47384
6E 0B 90 62 21 B9	2926	47393
C9 48 92 58 2A B9	18633	47402
00 00 90 50 33 B9	0	47411
00 00 90 EE 8C B9	0	47500
92 26 92 E4 95 B9	9874	47509
25 77 91 DA 9E B9	30501	47518
00 00 90 D0 A7 B9	0	47527
00 00 90 7A F8 B9	0	47608
25 55 92 70 01 BA	21797	47617
00 00 90 66 0A BA	0	47626
00 00 90 3E 2E BA	0	47662
25 57 91 36 37 BA	22309	47671
92 2E 91 2C 40 BA	11922	47680
00 00 90 22 49 BA	0	47689
00 00 90 FE 55 BB	0	47957
A5 6C 92 F4 5E BB	27813	47966
6E 0B 90 EA 67 BB	2926	47975
00 00 90 E0 70 BB	0	47984
00 00 90 76 D3 BB	0	48083
6E 61 91 6C DC BB	24942	48092
00 00 90 62 E5 BB	0	48101
00 00 90 58 EE BB	0	48110
5B 6A 92 50 F7 BB	27227	48119
00 00 90 46 00 BC	0	48128
00 00 90 DA 62 BC	0	48226
EE 4D 92 D0 6B BC	19950	48235
00 00 90 C6 74 BC	0	48244
00 00 90 8C AA BC	0	48298
00 32 91 82 B3 BC	12800	48307
12 28 92 7A BC BC	10258	48316
00 00 90 70 C5 BC	0	48325
00 00 90 4C D2 BD	0	48594
49 4E 91 42 DB BD	20041	48603
00 00 90 38 E4 BD	0	48612
00 00 90 12 08 BE	0	48648
EE 21 92 08 11 BE	8686	48657
92 44 90 FE 19 BE	17554	48665
00 00 90 F4 22 BE	0	48674
00 00 90 BA 58 BE	0	48728
92 4A 92 B0 61 BE	19090	48737
00 00 90 A6 6A BE	0	48746
00 00 90 B4 4A BF	0	48970
92 7E 91 AA 53 BF	32402	48979
00 00 90 A0 5C BF	0	48988
00 00 90 78 80 BF	0	49024
B7 21 91 70 89 BF	8631	49033
00 08 90 66 92 BF	2048	49042
00 00 90 5C 9B BF	0	49051
00 00 90 3E B6 BF	0	49078
25 53 91 34 BF BF	21285	49087
00 78 90 2C C8 BF	30720	49096
00 00 90 22 D1 BF	0	49105
25 7B 91 18 DA BF	31525	49114
00 00 90 0E E3 BF	0	49123
00 00 90 7C 69 C0	0	49257
49 6C 91 72 72 C0	27721	49266
00 00 90 68 7B C0	0	49275
00 00 90 42 9F C0	0	49311
5B 28 92 38 A8 C0	10331	49320
00 00 90 2E B1 C0	0	49329
00 00 90 A6 2E C1	0	49454
25 23 92 9C 37 C1	8997	49463
00 00 90 92 40 C1	0	49472
00 00 90 8A 49 C1	0	49481
49 28 92 80 52 C1	10313	49490
00 00 90 76 5B C1	0	49499
00 00 90 1E AC C1	0	49580
92 32 92 14 B5 C1	12946	49589
00 00 90 0A BE C1	0	49598
00 00 90 08 99 C3	0	50073
92 14 90 FE A1 C3	5266	50081
DB 16 90 F4 AA C3	5851	50090
37 4D 92 EA B3 C3	19767	50099
00 00 90 E0 BC C3	0	50108
00 00 90 DA AE C4	0	50350
DB 54 91 D0 B7 C4	21723	50359
00 00 90 C6 C0 C4	0	50368
00 00 90 8C F6 C4	0	50422
49 2B 92 82 FF C4	11081	50431
00 00 90 78 08 C5	0	50440
00 00 90 4C 1E C6	0	50718
00 50 90 42 27 C6	20480	50727
EE 21 92 38 30 C6	8686	50736
00 00 90 2E 39 C6	0	50745
00 00 90 62 F5 C6	0	50933
DB 7E 91 58 FE C6	32475	50942
00 00 90 4E 07 C7	0	50951
00 00 90 1E 34 C7	0	50996
00 22 91 14 3D C7	8704	51005
00 5C 91 0A 46 C7	23552	51014
00 00 90 00 4F C7	0	51023
00 00 90 DA 72 C7	0	51058
92 0C 90 D0 7B C7	3218	51067
00 00 90 C6 84 C7	0	51076
00 00 90 3E 02 C8	0	51202
B7 53 91 34 0B C8	21431	51211
49 12 90 2A 14 C8	4681	51220
00 00 90 20 1D C8	0	51229
00 00 90 B6 7F C8	0	51327
C9 37 92 AC 88 C8	14281	51336
49 72 90 A2 91 C8	29257	51345
00 00 90 98 9A C8	0	51354
00 00 90 24 06 C9	0	51462
DB 20 92 1A 0F C9	8411	51471
00 00 90 10 18 C9	0	51480
00 00 90 1E F8 C9	0	51704
00 5A 91 14 01 CA	23040	51713
00 00 90 0A 0A CA	0	51722
00 00 90 6E 99 CA	0	51865
B7 4B 91 64 A2 CA	19383	51874
00 00 90 5C AB CA	0	51883
00 00 90 34 CF CA	0	51919
49 02 90 2A D8 CA	585	51928
00 00 90 20 E1 CA	0	51937
00 00 90 04 FC CA	0	51964
49 3A 92 FA 04 CB	14921	51972
00 2F 92 F0 0D CB	12032	51981
00 00 90 E6 16 CB	0	51990
00 00 90 AC 4C CB	0	52044
92 14 90 A2 55 CB	5266	52053
DB 0E 90 98 5E CB	3803	52062
00 00 90 8E 67 CB	0	52071
00 00 90 74 6B CC	0	52331
92 3A 92 6C 74 CC	14994	52340
00 00 90 62 7D CC	0	52349
00 00 90 4E 8F CC	0	52367
00 4A 91 44 98 CC	18944	52376
00 00 90 3A A1 CC	0	52385
00 00 90 1E BC CC	0	52412
25 3E 92 14 C5 CC	15909	52421
49 1A 90 0A CE CC	6729	52430
00 00 90 00 D7 CC	0	52439
00 00 90 48 81 CD	0	52609
37 2E 92 3E 8A CD	11831	52618
00 00 90 34 93 CD	0	52627
00 00 90 0E B7 CD	0	52663
25 2C 92 04 C0 CD	11301	52672
00 00 90 FA C8 CD	0	52680
00 00 90 E6 DA CD	0	52698
92 74 90 DC E3 CD	29842	52707
C9 32 92 D2 EC CD	13001	52716
00 00 90 CA F5 CD	0	52725
00 00 90 1A 97 CE	0	52887
DB 44 91 10 A0 CE	17627	52896
00 00 90 06 A9 CE	0	52905
00 00 90 FC B1 CE	0	52913
6E 13 90 F4 BA CE	4974	52922
80 60 92 EA C3 CE	24704	52931
00 00 90 E0 CC CE	0	52940
00 00 90 9C 0B CF	0	53003
EE 5D 92 92 14 CF	24046	53012
00 00 90 88 1D CF	0	53021
92 20 91 7E 26 CF	8338	53030
DB 5E 90 74 2F CF	24283	53039
00 00 90 6A 38 CF	0	53048
00 00 90 62 41 CF	0	53057
92 20 91 58 4A CF	8338	53066
92 68 91 4E 53 CF	26770	53075
00 00 90 44 5C CF	0	53084
00 00 90 1C 44 D2	0	53828
00 35 92 14 4D D2	13568	53837
49 02 90 0A 56 D2	585	53846
00 00 90 00 5F D2	0	53855
00 00 90 BC 9D D2	0	53917
49 44 92 B2 A6 D2	17481	53926
00 00 90 A8 AF D2	0	53935
00 00 90 50 00 D3	0	54016
32 22 93 48 09 D3	8754	54025
00 00 90 3E 12 D3	0	54034
00 00 90 6A C0 D4	0	54464
25 6D 91 60 C9 D4	27941	54473
00 00 90 58 D2 D4	0	54482
92 24 92 4E DB D4	9362	54491
00 00 90 44 E4 D4	0	54500
00 00 90 D0 4F D5	0	54607
49 20 91 C6 58 D5	8265	54616
00 00 90 BC 61 D5	0	54625
00 00 90 64 B2 D5	0	54706
C9 3B 92 5A BB D5	15305	54715
00 00 90 50 C4 D5	0	54724
00 00 90 84 80 D6	0	54912
6E 57 91 7A 89 D6	22382	54921
00 00 90 70 92 D6	0	54930
00 00 90 4A B6 D6	0	54966
05 24 93 40 BF D6	9221	54975
FB 29 93 36 C8 D6	10747	54984
25 5B 92 2C D1 D6	23333	54993
00 08 90 24 DA D6	2048	55002
00 00 90 1A E3 D6	0	55011
00 00 90 F2 06 D7	0	55046
00 4C 91 E8 0F D7	19456	55055
92 39 92 E0 18 D7	14738	55064
DB 26 90 D6 21 D7	9947	55073
00 00 90 CC 2A D7	0	55082
00 00 90 AE 45 D7	0	55109
49 2D 92 A4 4E D7	11593	55118
00 00 90 9C 57 D7	0	55127
00 00 90 30 BA D7	0	55226
EE 38 92 26 C3 D7	14574	55235
00 00 90 1C CC D7	0	55244
00 00 90 B2 2E D8	0	55342
37 2C 92 A8 37 D8	11319	55351
00 00 90 9E 40 D8	0	55360
00 00 90 DC F3 D8	0	55539
92 2F 92 D2 FC D8	12178	55548
00 00 90 C8 05 D9	0	55557
00 00 90 B4 17 D9	0	55575
B7 35 92 AC 20 D9	13751	55584
00 00 90 A2 29 D9	0	55593
00 00 90 36 8C D9	0	55692
6E 4B 91 2C 95 D9	19310	55701
B7 05 90 24 9E D9	1463	55710
00 00 90 1A A7 D9	0	55719
00 00 90 FC C1 D9	0	55745
92 2E 92 F2 CA D9	11922	55754
49 20 91 E8 D3 D9	8265	55763
00 00 90 DE DC D9	0	55772
6E 79 91 D6 E5 D9	31086	55781
DB 46 90 CC EE D9	18139	55790
00 00 90 C2 F7 D9	0	55799
00 00 90 0A A2 DA	0	55970
72 2E 93 00 AB DA	11890	55979
00 00 90 F6 B3 DA	0	55987
00 00 90 EC BC DA	0	55996
EE 26 92 E2 C5 DA	9966	56005
00 22 92 D8 CE DA	8704	56014
00 00 90 CE D7 DA	0	56023
00 00 90 80 1F DB	0	56095
DB 2C 92 78 28 DB	11483	56104
00 00 90 6E 31 DB	0	56113
00 00 90 16 82 DB	0	56194
00 54 92 0C 8B DB	21504	56203
00 00 90 02 94 DB	0	56212
00 00 90 4A 3E DC	0	56382
00 62 91 40 47 DC	25088	56391
80 21 92 36 50 DC	8576	56400
00 00 90 2C 59 DC	0	56409
00 00 90 FC 85 DC	0	56453
12 2B 92 F2 8E DC	11026	56462
00 00 90 E8 97 DC	0	56471
00 00 90 AE CD DC	0	56525
C9 27 92 A4 D6 DC	10185	56534
92 04 90 9A DF DC	1170	56543
00 00 90 90 E8 DC	0	56552
00 00 90 5A 07 DE	0	56839
C9 67 92 50 10 DE	26569	56848
00 00 90 46 19 DE	0	56857
00 00 90 EE 69 DE	0	56937
25 01 90 E6 72 DE	293	56946
00 00 90 DC 7B DE	0	56955
00 00 90 40 0B DF	0	57099
00 66 91 36 14 DF	26112	57108
00 00 90 2C 1D DF	0	57117
00 00 90 F2 52 DF	0	57170
49 54 91 E8 5B DF	21577	57179
00 00 90 DE 64 DF	0	57188
00 00 90 A4 9A DF	0	57242
6E 3A 92 9A A3 DF	14958	57251
00 00 90 90 AC DF	0	57260
00 00 90 6A D0 DF	0	57296
DB 36 90 60 D9 DF	14043	57305
00 00 90 56 E2 DF	0	57314
00 00 90 F6 3B E0	0	57403
DB 25 92 EC 44 E0	9691	57412
25 49 90 E2 4D E0	18725	57421
00 00 90 D8 56 E0	0	57430
00 00 90 76 B0 E0	0	57520
00 30 92 6E B9 E0	12288	57529
00 00 90 64 C2 E0	0	57538
A5 4A 92 5A CB E0	19109	57547
92 2C 90 50 D4 E0	11410	57556
00 00 90 46 DD E0	0	57565
00 00 90 16 0A E1	0	57610
92 30 91 0C 13 E1	12434	57619
00 00 90 02 1C E1	0	57628
00 00 90 C8 51 E1	0	57681
25 45 91 BE 5A E1	17701	57690
25 6B 91 B4 63 E1	27429	57699
00 00 90 AA 6C E1	0	57708
00 00 90 A0 75 E1	0	57717
92 70 91 98 7E E1	28818	57726
00 32 91 8E 87 E1	12800	57735
00 00 90 84 90 E1	0	57744
00 00 90 42 B8 E2	0	58040
6E 2D 92 3A C1 E2	11630	58049
00 00 90 30 CA E2	0	58058
00 00 90 5A 8F E3	0	58255
DB 76 91 50 98 E3	30427	58264
B7 3B 91 46 A1 E3	15287	58273
00 00 90 3C AA E3	0	58282
00 00 90 18 B7 E4	0	58551
A5 22 92 0E C0 E4	8869	58560
25 37 91 06 C9 E4	14117	58569
00 00 90 FC D1 E4	0	58577
00 00 90 74 4F E5	0	58703
5B 29 93 6A 58 E5	10587	58712
00 00 90 60 61 E5	0	58721
00 00 90 9E 14 E6	0	58900
92 32 92 94 1D E6	12946	58909
EE 2F 92 8A 26 E6	12270	58918
00 00 90 80 2F E6	0	58927
00 00 90 76 38 E6	0	58936
37 3D 92 6C 41 E6	15671	58945
B7 77 91 62 4A E6	30647	58954
00 00 90 5A 53 E6	0	58963
00 00 90 F8 AC E6	0	59052
6E 0B 90 EE B5 E6	2926	59061
DB 2C 92 E4 BE E6	11483	59070
00 00 90 DA C7 E6	0	59079
00 00 90 D2 D0 E6	0	59088
37 4C 92 C8 D9 E6	19511	59097
00 00 90 BE E2 E6	0	59106
00 00 90 74 13 E8	0	59411
80 2D 92 6A 1C E8	11648	59420
00 00 90 60 25 E8	0	59429
B7 32 92 56 2E E8	12983	59438
00 00 90 4C 37 E8	0	59447
00 00 90 A6 CF E8	0	59599
DB 37 92 9E D8 E8	14299	59608
00 00 90 94 E1 E8	0	59617
00 00 90 D0 94 E9	0	59796
C9 3D 92 C8 9D E9	15817	59805
DB 26 90 BE A6 E9	9947	59814
37 38 92 B4 AF E9	14391	59823
92 44 90 AA B8 E9	17554	59832
49 45 92 A0 C1 E9	17737	59841
00 00 90 96 CA E9	0	59850
00 00 90 2C 2D EA	0	59949
37 3A 92 22 36 EA	14903	59958
00 00 90 18 3F EA	0	59967
00 00 90 9C 9C EB	0	60316
92 4A 91 94 A5 EB	19090	60325
00 00 90 8A AE EB	0	60334
00 00 90 F8 34 EC	0	60468
12 36 92 EE 3D EC	13842	60477
00 00 90 E4 46 EC	0	60486
00 00 90 82 A0 EC	0	60576
DB 1E 90 7A A9 EC	7899	60585
00 00 90 70 B2 EC	0	60594
00 00 90 52 CD EC	0	60621
C9 28 92 48 D6 EC	10441	60630
B7 25 91 3E DF EC	9655	60639
00 00 90 36 E8 EC	0	60648
00 00 90 F2 26 ED	0	60710
92 40 91 E8 2F ED	16530	60719
00 00 90 DE 38 ED	0	60728
00 00 90 E0 21 EE	0	60961
DB 06 90 D8 2A EE	1755	60970
00 00 90 CE 33 EE	0	60979
00 00 90 58 9F EE	0	61087
49 12 90 50 A8 EE	4681	61096
5B 29 92 46 B1 EE	10587	61105
00 00 90 3C BA EE	0	61114
00 00 90 32 C3 EE	0	61123
37 26 92 28 CC EE	9783	61132
00 00 90 1E D5 EE	0	61141
00 00 90 C6 25 EF	0	61221
12 25 92 BE 2E EF	9490	61230
00 00 90 B4 37 EF	0	61239
00 00 90 0E D0 EF	0	61392
25 53 91 04 D9 EF	21285	61401
DB 2C 91 FA E1 EF	11483	61409
00 00 90 F0 EA EF	0	61418
00 00 90 1C B0 F0	0	61616
25 2D 91 12 B9 F0	11557	61625
00 00 90 08 C2 F0	0	61634
00 00 90 C4 00 F1	0	61696
DB 7E 90 BA 09 F1	32475	61705
3B 39 93 B0 12 F1	14651	61714
00 00 90 A6 1B F1	0	61723
00 00 90 F8 BC F1	0	61884
80 36 92 EE C5 F1	13952	61893
00 00 90 E4 CE F1	0	61902
00 00 90 AC ED F2	0	62189
12 4E 92 A2 F6 F2	19986	62198
25 01 90 9A FF F2	293	62207
00 00 90 90 08 F3	0	62216
00 00 90 C4 C4 F3	0	62404
B7 61 91 BA CD F3	25015	62413
6E 73 90 B0 D6 F3	29550	62422
DB 26 90 A6 DF F3	9947	62431
00 00 90 9C E8 F3	0	62440
00 00 90 58 27 F4	0	62503
EE 28 92 4E 30 F4	10478	62512
00 00 90 44 39 F4	0	62521
00 00 90 C6 AD F4	0	62637
B7 7B 91 BC B6 F4	31671	62646
00 00 90 B4 BF F4	0	62655
00 00 90 FA 69 F5	0	62825
6E 55 91 F0 72 F5	21870	62834
00 00 90 E6 7B F5	0	62843
00 00 90 3C 06 F7	0	63238
DB 72 91 32 0F F7	29403	63247
92 0C 90 28 18 F7	3218	63256
00 00 90 1E 21 F7	0	63265
00 00 90 FA 2D F8	0	63533
00 29 92 F0 36 F8	10496	63542
00 00 90 E6 3F F8	0	63551
00 00 90 C0 63 F8	0	63587
DB 5E 91 B6 6C F8	24283	63596
EE 31 92 AC 75 F8	12782	63605
00 2A 91 A2 7E F8	10752	63614
80 3C 92 98 87 F8	15488	63623
00 00 90 90 90 F8	0	63632
00 00 90 10 05 F9	0	63749
EE 30 92 08 0E F9	12526	63758
00 00 90 FE 16 F9	0	63766
00 00 90 A6 67 F9	0	63847
49 3A 91 9C 70 F9	14921	63856
00 00 90 92 79 F9	0	63865
00 00 90 3A CA F9	0	63946
49 2F 92 32 D3 F9	12105	63955
00 00 90 28 DC F9	0	63964
00 00 90 14 EE F9	0	63982
25 01 90 0A F7 F9	293	63991
00 00 90 00 00 FA	0	64000
