<Function 1, scan #0, time 0.0033833333291113377>
00-18-62-8E-34-4C	57-63-03-FA-CC-CE
raw_mcr	raw_count	mcr_multiplier	count_gain
13107200	0	2	1
13206826	0	2	1
13212068	1522	2	1
13217312	0	2	1
13364128	0	2	1
13369370	27772	2	4
13374614	14143	2	64
13379858	0	2	1
13385100	0	2	1
13390344	1522	2	1
13395588	22013	2	16
13400832	5106	2	1
13406074	0	2	1
13411318	14334	2	16
13416562	9337	2	4
13421804	14712	2	64
13427048	9767	2	64
13432292	0	2	1
13437534	0	2	1
13442778	28412	2	16
13448022	498	2	1
13453266	0	2	1
13458508	11967	2	64
13463752	9309	2	16
13468996	18937	2	4
13474238	24317	2	16
13479482	18930	2	1
13484726	0	2	1
13500456	0	2	1
13505700	9335	2	64
13510942	8953	2	4
13516186	0	2	1
13521430	498	2	1
13526672	0	2	1
13531916	498	2	1
13537160	0	2	1
13547646	0	2	1
13552890	25431	2	64
13558134	18421	2	4
13563376	20956	2	16
13568620	1010	2	1
13573864	0	2	1
13579106	9188	2	1
13584350	0	2	1
13605324	0	2	1
13610568	3058	2	1
13615810	0	2	1
13741652	0	2	1
13746896	22173	2	16
13752140	1010	2	1
13757382	0	2	1
13883224	0	2	1
13888468	498	2	1
13893712	0	2	1
13925172	0	2	1
13930414	16952	2	64
13935658	13596	2	16
13940902	12530	2	4
13946146	0	2	1
13951388	0	2	1
13956632	2546	2	1
13961876	0	2	1
14113934	0	2	1
14119178	18687	2	16
14124420	17725	2	16
14129664	498	2	1
14134908	0	2	1
14140152	498	2	1
14145394	0	2	1
14208316	0	2	1
14213558	1010	2	1
14218802	8496	2	64
14224046	28021	2	4
14229290	1522	2	1
14234532	0	2	1
14239776	1522	2	1
14245020	0	2	1
14250262	2546	2	1
14255506	0	2	1
14318426	0	2	1
14323670	22844	2	16
14328914	0	2	1
14402322	0	2	1
14407564	2034	2	1
14412808	0	2	1
14591084	0	2	1
14596328	24669	2	16
14601570	9714	2	1
14606814	0	2	1
14612058	22428	2	16
14617300	0	2	1
14638274	0	2	1
14643518	498	2	1
14648762	0	2	1
14654004	0	2	1
14659248	2546	2	1
14664492	0	2	1
14680222	0	2	1
14685466	4082	2	1
14690708	0	2	1
14695952	1010	2	1
14701196	0	2	1
14711682	0	2	1
14716926	498	2	1
14722170	0	2	1
14727412	3556	2	1
14732656	0	2	1
14947636	0	2	1
14952878	28350	2	16
14958122	11513	2	4
14963366	0	2	1
15042016	0	2	1
15047260	3058	2	1
15052504	28860	2	16
15057746	12221	2	16
15062990	0	2	1
15094450	0	2	1
15099694	2034	2	1
15104938	0	2	1
15110180	0	2	1
15115424	996	2	1
15120668	0	2	1
15167858	0	2	1
15173102	8327	2	64
15178346	20509	2	16
15183588	498	2	1
15188832	0	2	1
15277970	0	2	1
15283214	12927	2	16
15288456	19773	2	16
15293700	0	2	1
15309430	0	2	1
15314674	1010	2	1
15319918	0	2	1
15330404	0	2	1
15335648	498	2	1
15340890	0	2	1
15351378	0	2	1
15356620	8263	2	64
15361864	0	2	1
15367108	2546	2	1
15372352	0	2	1
15571600	0	2	1
15576844	30652	2	16
15582088	6130	2	1
15587330	0	2	1
15624034	0	2	1
15629278	31484	2	16
15634522	0	2	1
15639764	16733	2	16
15645008	11250	2	1
15650252	0	2	1
15723660	0	2	1
15728902	498	2	1
15734146	0	2	1
15797066	0	2	1
15802310	1522	2	1
15807554	0	2	1
15896692	0	2	1
15901936	12413	2	16
15907178	0	2	1
15922908	0	2	1
15928152	1010	2	1
15933396	0	2	1
16190322	0	2	1
16195566	498	2	1
16200810	0	2	1
16206052	1522	2	1
16211296	0	2	1
16216540	0	2	1
16221782	1010	2	1
16227026	0	2	1
16253244	0	2	1
16258486	1522	2	1
16263730	0	2	1
16274216	0	2	1
16279460	24414	2	16
16284704	10233	2	4
16289946	498	2	1
16295190	7652	2	1
16300434	1010	2	1
16305678	0	2	1
16310920	9832	2	64
16316164	27257	2	4
16321408	0	2	1
16326650	9975	2	64
16331894	0	2	1
16342380	0	2	1
16347624	498	2	1
16352868	28924	2	16
16358112	31390	2	16
16363354	11646	2	16
16368598	0	2	1
16373842	0	2	1
16379084	498	2	1
16384328	0	2	1
16489196	0	2	1
16494440	498	2	1
16499684	0	2	1
16504926	1010	2	1
16510170	0	2	1
16541630	0	2	1
16546874	2034	2	1
16552118	1010	2	1
16557360	0	2	1
16573090	0	2	1
16578334	1010	2	1
16583578	0	2	1
16636012	0	2	1
16641256	498	2	1
16646498	30559	2	16
16651742	31613	2	16
16656986	2034	2	1
16662228	0	2	1
16772340	0	2	1
8388792	8862	4	16
8391414	13149	4	16
8394036	0	4	1
8396658	11775	4	64
8399278	0	4	1
8412388	0	4	1
8415010	1522	4	1
8417630	0	4	1
8462200	0	4	1
8464822	24252	4	16
8467444	498	4	1
8470064	0	4	1
8535608	0	4	1
8538230	1010	4	1
8540850	0	4	1
8548716	0	4	1
8551338	2034	4	1
8553960	0	4	1
8569690	0	4	1
8572312	498	4	1
8574932	0	4	1
8606394	0	4	1
8609016	25756	4	16
8611636	0	4	1
8629988	0	4	1
8632610	498	4	1
8635232	0	4	1
8682422	0	4	1
8685044	498	4	1
8687666	0	4	1
8734856	0	4	1
8737478	498	4	1
8740100	0	4	1
8761074	0	4	1
8763696	20670	4	16
8766318	16249	4	4
8768938	0	4	1
8779426	0	4	1
8782048	15356	4	4
8784670	8829	4	16
8787290	498	4	1
8789912	0	4	1
8810886	0	4	1
8813508	498	4	1
8816130	0	4	1
8818752	0	4	1
8821372	498	4	1
8823994	0	4	1
8837104	0	4	1
8839724	498	4	1
8842346	0	4	1
8844968	0	4	1
8847590	1010	4	1
8850212	0	4	1
8855456	0	4	1
8858076	4082	4	1
8860698	0	4	1
8897402	0	4	1
8900024	498	4	1
8902646	0	4	1
8957702	0	4	1
8960324	16671	4	16
8962944	14845	4	16
8965566	0	4	1
9028488	0	4	1
9031110	498	4	1
9033730	0	4	1
9038974	0	4	1
9041596	8690	4	1
9044218	23029	4	4
9046840	0	4	1
9080922	0	4	1
9083544	24510	4	16
9086164	8477	4	16
9088786	0	4	1
9125490	0	4	1
9128112	996	4	1
9130734	0	4	1
9162194	0	4	1
9164816	2034	4	1
9167438	0	4	1
9170060	0	4	1
9172680	1522	4	1
9175302	0	4	1
9214628	0	4	1
9217250	6130	4	1
9219872	1522	4	1
9222494	0	4	1
9261818	0	4	1
9264440	15836	4	16
9267062	498	4	1
9269684	0	4	1
9274928	0	4	1
9277550	5106	4	1
9280170	0	4	1
9309010	0	4	1
9311632	10727	4	64
9314252	12260	4	1
9316874	2546	4	1
9319496	0	4	1
9366686	0	4	1
9369308	498	4	1
9371930	0	4	1
9374552	0	4	1
9377174	2034	4	1
9379796	0	4	1
9413878	0	4	1
9416500	2546	4	1
9419120	0	4	1
9442716	0	4	1
9445338	2034	4	1
9447960	0	4	1
9468934	0	4	1
9471556	1522	4	1
9474176	0	4	1
9539720	0	4	1
9542340	1522	4	1
9544962	0	4	1
9560692	0	4	1
9563314	4082	4	1
9565936	0	4	1
9581666	0	4	1
9584288	498	4	1
9586910	0	4	1
9589532	1522	4	1
9592154	0	4	1
9594776	3556	4	1
9597396	0	4	1
9600018	0	4	1
9602640	3058	4	1
9605262	3570	4	1
9607884	2034	4	1
9610506	0	4	1
9741590	0	4	1
9744212	4068	4	1
9746834	0	4	1
9822864	0	4	1
9825484	3044	4	1
9828106	0	4	1
9862188	0	4	1
9864810	498	4	1
9867432	0	4	1
9898892	0	4	1
9901514	16221	4	16
9904136	13298	4	1
9906758	0	4	1
9909380	20380	4	16
9912000	0	4	1
9956570	0	4	1
9959192	498	4	1
9961814	0	4	1
9964436	0	4	1
9967056	1010	4	1
9969678	0	4	1
9972300	1010	4	1
9974922	0	4	1
10027356	0	4	1
10029978	25023	4	64
10032600	0	4	1
10040464	0	4	1
10043086	1522	4	1
10045708	0	4	1
10087656	0	4	1
10090276	498	4	1
10092898	0	4	1
10103386	0	4	1
10106006	1522	4	1
10108628	0	4	1
10140090	0	4	1
10142710	498	4	1
10145332	0	4	1
10153198	0	4	1
10155820	3570	4	1
10158440	0	4	1
10168928	0	4	1
10171550	9886	4	16
10174172	15346	4	1
10176792	0	4	1
10234470	0	4	1
10237092	20221	4	16
10239714	8676	4	1
10242336	0	4	1
10244958	22908	4	4
10247578	29500	4	16
10250200	0	4	1
10292148	0	4	1
10294770	32764	4	4
10297392	24057	4	4
10300012	0	4	1
10315744	0	4	1
10318364	498	4	1
10320986	0	4	1
10341960	0	4	1
10344582	3570	4	1
10347204	2546	4	1
10349826	0	4	1
10352446	0	4	1
10355068	8445	4	16
10357690	3570	4	1
10360312	0	4	1
10399638	0	4	1
10402260	498	4	1
10404880	0	4	1
10417990	0	4	1
10420612	1010	4	1
10423232	0	4	1
10494018	0	4	1
10496640	32121	4	4
10499262	10361	4	4
10501884	0	4	1
10514992	0	4	1
10517614	16764	4	4
10520236	24569	4	4
10522858	0	4	1
10533344	0	4	1
10535966	498	4	1
10538588	0	4	1
10572670	0	4	1
10575292	498	4	1
10577914	0	4	1
10635590	0	4	1
10638212	996	4	1
10640834	0	4	1
10756190	0	4	1
10758810	1522	4	1
10761432	1010	4	1
10764054	0	4	1
10792892	0	4	1
10795514	1522	4	1
10798136	0	4	1
10892518	0	4	1
10895140	4580	4	1
10897760	5604	4	1
10900382	0	4	1
10923978	0	4	1
10926600	498	4	1
10929222	0	4	1
10960682	0	4	1
10963304	1010	4	1
10965926	0	4	1
11005250	0	4	1
11007872	19829	4	4
11010494	0	4	1
11015738	0	4	1
11018360	1010	4	1
11020980	0	4	1
11283152	0	4	1
11285772	14941	4	16
11288394	12786	4	1
11291016	0	4	1
11343450	0	4	1
11346072	1508	4	1
11348694	0	4	1
11427344	0	4	1
11429966	2546	4	1
11432588	0	4	1
11519104	0	4	1
11521726	2034	4	1
11524348	0	4	1
11532212	0	4	1
11534834	498	4	1
11537456	0	4	1
11571538	0	4	1
11574160	498	4	1
11576782	0	4	1
11582026	0	4	1
11584646	498	4	1
11587268	0	4	1
11608242	0	4	1
11610864	498	4	1
11613486	0	4	1
11634460	0	4	1
11637082	498	4	1
11639702	9758	4	16
11642324	17525	4	4
11644946	0	4	1
11815356	0	4	1
11817978	1010	4	1
11820600	0	4	1
11849438	0	4	1
11852060	3058	4	1
11854682	0	4	1
11870412	0	4	1
11873034	1010	4	1
11875656	0	4	1
11899252	0	4	1
11901872	1522	4	1
11904494	0	4	1
11907116	0	4	1
11909738	498	4	1
11912360	0	4	1
11920224	0	4	1
11922846	1010	4	1
11925468	1522	4	1
11928090	0	4	1
11941198	0	4	1
11943820	2546	4	1
11946442	0	4	1
11993632	0	4	1
11996254	2034	4	1
11998876	0	4	1
12011984	0	4	1
12014606	1010	4	1
12017228	0	4	1
12038202	0	4	1
12040824	498	4	1
12043444	0	4	1
12056554	0	4	1
12059176	498	4	1
12061796	0	4	1
12279398	0	4	1
12282020	1508	4	1
12284642	0	4	1
12323966	0	4	1
12326588	1010	4	1
12329210	0	4	1
12331832	0	4	1
12334454	1010	4	1
12337076	0	4	1
12389510	0	4	1
12392132	2546	4	1
12394752	0	4	1
12410484	0	4	1
12413104	498	4	1
12415726	0	4	1
12426214	0	4	1
12428836	498	4	1
12431456	0	4	1
12444566	0	4	1
12447186	498	4	1
12449808	0	4	1
12470782	0	4	1
12473404	498	4	1
12476026	0	4	1
12499622	0	4	1
12502242	2034	4	1
12504864	0	4	1
12523216	0	4	1
12525838	498	4	1
12528460	0	4	1
12552056	0	4	1
12554676	22718	4	16
12557298	16761	4	4
12559920	0	4	1
12562542	2034	4	1
12565164	0	4	1
12578272	0	4	1
12580894	498	4	1
12583516	0	4	1
12586138	0	4	1
12588758	13981	4	16
12591380	0	4	1
12612354	0	4	1
12614976	27902	4	16
12617598	8309	4	4
12620220	0	4	1
12677896	0	4	1
12680518	1522	4	1
12683140	0	4	1
12685762	0	4	1
12688384	2532	4	1
12691006	0	4	1
12738196	0	4	1
12740818	1010	4	1
12743440	0	4	1
12746062	0	4	1
12748682	14972	4	4
12751304	10489	4	4
12753926	0	4	1
12803738	0	4	1
12806360	2034	4	1
12808982	2034	4	1
12811604	0	4	1
12814226	1010	4	1
12816846	0	4	1
12837820	0	4	1
12840442	19710	4	16
12843064	16377	4	4
12845686	0	4	1
12850930	0	4	1
12853550	1010	4	1
12856172	0	4	1
12913850	0	4	1
12916472	2546	4	1
12919094	0	4	1
12966284	0	4	1
12968906	498	4	1
12971528	0	4	1
12979392	0	4	1
12982014	498	4	1
12984636	0	4	1
13005610	0	4	1
13008232	1522	4	1
13010852	0	4	1
13013474	0	4	1
13016096	1522	4	1
13018718	0	4	1
13026584	0	4	1
13029204	29308	4	4
13031826	16413	4	16
13034448	0	4	1
13141938	0	4	1
13144560	1010	4	1
13147182	0	4	1
13157668	0	4	1
13160290	1010	4	1
13162912	498	4	1
13165534	0	4	1
13212724	0	4	1
13215346	498	4	1
13217968	0	4	1
13275644	0	4	1
13278266	1010	4	1
13280888	0	4	1
13307106	0	4	1
13309726	3556	4	1
13312348	0	4	1
13322836	0	4	1
13325458	498	4	1
13328078	0	4	1
13380512	0	4	1
13383134	1010	4	1
13385756	0	4	1
13430326	0	4	1
13432946	2546	4	1
13435568	3570	4	1
13438190	0	4	1
13480138	0	4	1
13482760	11102	4	16
13485382	17273	4	4
13488002	0	4	1
13490624	0	4	1
13493246	2034	4	1
13495868	0	4	1
13511598	0	4	1
13514220	21877	4	4
13516842	1010	4	1
13519464	0	4	1
13545680	0	4	1
13548302	1010	4	1
13550924	0	4	1
13553546	0	4	1
13556166	1010	4	1
13558788	0	4	1
13569276	0	4	1
13571898	10226	4	1
13574518	9845	4	4
13577140	0	4	1
13585006	0	4	1
13587628	10876	4	4
13590250	18549	4	4
13592870	0	4	1
13653170	0	4	1
13655792	498	4	1
13658414	0	4	1
13734442	0	4	1
13737064	5092	4	1
13739686	0	4	1
13755416	0	4	1
13758038	1522	4	1
13760660	0	4	1
13860284	0	4	1
13862906	1522	4	1
13865528	0	4	1
13993992	0	4	1
13996612	28605	4	16
13999234	30180	4	1
14001856	0	4	1
14022830	0	4	1
14025452	1010	4	1
14028074	29433	4	4
14030696	11513	4	4
14033316	0	4	1
14035938	17181	4	16
14038560	7154	4	1
14041182	0	4	1
14067398	0	4	1
14070020	3058	4	1
14072642	0	4	1
14093616	0	4	1
14096238	24638	4	16
14098860	29177	4	4
14101482	0	4	1
14117212	0	4	1
14119832	8676	4	1
14122454	0	4	1
14159158	0	4	1
14161780	32447	4	16
14164402	26173	4	16
14167024	0	4	1
14198484	0	4	1
14201106	2546	4	1
14203728	1010	4	1
14206350	0	4	1
14216836	0	4	1
14219458	6116	4	1
14222080	1010	4	1
14224702	0	4	1
14248296	0	4	1
14250918	1522	4	1
14253540	0	4	1
14269270	0	4	1
14271892	2034	4	1
14274514	0	4	1
14298108	0	4	1
14300730	1010	4	1
14303352	0	4	1
14313838	0	4	1
14316460	1010	4	1
14319082	0	4	1
14384624	0	4	1
14387246	1522	4	1
14389868	0	4	1
14413464	0	4	1
14416086	498	4	1
14418708	0	4	1
14423950	0	4	1
14426572	1010	4	1
14429194	24825	4	4
14431816	28021	4	4
14434438	0	4	1
14437058	0	4	1
14439680	1010	4	1
14442302	0	4	1
14447546	0	4	1
14450168	2546	4	1
14452790	0	4	1
14465898	0	4	1
14468520	18930	4	1
14471142	15951	4	64
14473762	0	4	1
14481628	0	4	1
14484250	4082	4	1
14486872	0	4	1
14591740	0	4	1
14594362	498	4	1
14596982	0	4	1
14599604	1010	4	1
14602226	0	4	1
14612712	0	4	1
14615334	1522	4	1
14617956	0	4	1
14646796	0	4	1
14649416	2034	4	1
14652038	0	4	1
14657282	0	4	1
14659904	498	4	1
14662526	0	4	1
14678256	0	4	1
14680878	498	4	1
14683498	0	4	1
14701850	0	4	1
14704472	498	4	1
14707094	0	4	1
14714960	0	4	1
14717582	498	4	1
14720202	0	4	1
14738554	0	4	1
14741176	8572	4	16
14743798	0	4	1
14756906	0	4	1
14759528	498	4	1
14762150	0	4	1
14801476	0	4	1
14804098	1010	4	1
14806718	0	4	1
14835558	0	4	1
14838180	498	4	1
14840802	0	4	1
14848666	0	4	1
14851288	1522	4	1
14853910	0	4	1
14861774	0	4	1
14864396	1010	4	1
14867018	0	4	1
14877504	0	4	1
14880126	498	4	1
14882748	0	4	1
14908966	0	4	1
14911588	3570	4	1
14914208	0	4	1
14964022	0	4	1
14966642	4068	4	1
14969264	0	4	1
14974508	0	4	1
14977130	1508	4	1
14979752	0	4	1
15034808	0	4	1
15037428	498	4	1
15040050	0	4	1
15068890	0	4	1
15071510	1508	4	1
15074132	0	4	1
15108214	0	4	1
15110836	2546	4	1
15113458	0	4	1
15189488	0	4	1
15192110	1522	4	1
15194730	0	4	1
15218326	0	4	1
15220948	1010	4	1
15223570	0	4	1
15236678	0	4	1
15239300	2546	4	1
15241922	0	4	1
15270760	0	4	1
15273382	1522	4	1
15276004	0	4	1
15296978	0	4	1
15299598	1508	4	1
15302220	0	4	1
15304842	1010	4	1
15307464	498	4	1
15310086	0	4	1
15375628	0	4	1
15378250	498	4	1
15380872	0	4	1
15391358	0	4	1
15393980	2020	4	1
15396602	0	4	1
15485740	0	4	1
15488362	1522	4	1
15490984	0	4	1
15493604	1010	4	1
15496226	0	4	1
15504092	0	4	1
15506714	2034	4	1
15509336	3058	4	1
15511956	0	4	1
15564390	0	4	1
15567012	1522	4	1
15569634	0	4	1
15705962	0	4	1
15708584	1010	4	1
15711206	0	4	1
15784614	0	4	1
15787236	1522	4	1
15789858	0	4	1
15837048	0	4	1
15839670	10183	4	64
15842292	1010	4	1
15844912	0	4	1
15960268	0	4	1
15962890	12540	4	16
15965512	0	4	1
15996972	0	4	1
15999594	498	4	1
16002216	0	4	1
16010080	0	4	1
16012702	498	4	1
16015324	2034	4	1
16017946	0	4	1
16057270	0	4	1
16059892	3058	4	1
16062514	1010	4	1
16065136	0	4	1
16117570	0	4	1
16120192	498	4	1
16122814	0	4	1
16141166	0	4	1
16143788	1522	4	1
16146408	0	4	1
16149030	498	4	1
16151652	0	4	1
16154274	1010	4	1
16156896	498	4	1
16159518	0	4	1
16190978	0	4	1
16193600	1522	4	1
16196222	0	4	1
16204086	0	4	1
16206708	2034	4	1
16209330	0	4	1
16219816	0	4	1
16222438	498	4	1
16225060	0	4	1
16243412	0	4	1
16246034	5077	4	1
16248656	0	4	1
16251276	1010	4	1
16253898	0	4	1
16280116	0	4	1
16282738	1010	4	1
16285358	0	4	1
16337792	0	4	1
16340414	1522	4	1
16343036	0	4	1
16379740	0	4	1
16382362	1522	4	1
16384984	0	4	1
16387606	0	4	1
16390228	1010	4	1
16392848	0	4	1
16419066	0	4	1
16421688	498	4	1
16424310	498	4	1
16426930	0	4	1
16513448	0	4	1
16516068	3570	4	1
16518690	498	4	1
16521312	0	4	1
16523934	0	4	1
16526556	1010	4	1
16529178	0	4	1
16537042	0	4	1
16539664	1522	4	1
16542286	0	4	1
16544908	2532	4	1
16547530	0	4	1
16550150	498	4	1
16552772	0	4	1
16581612	0	4	1
16584234	2034	4	1
16586854	0	4	1
16641910	0	4	1
16644532	2034	4	1
16647154	0	4	1
16675992	0	4	1
16678614	2034	4	1
16681236	0	4	1
16683858	3058	4	1
16686480	0	4	1
16699588	0	4	1
16702210	2034	4	1
16704832	0	4	1
8391742	0	8	1
8393052	2546	8	1
8394364	0	8	1
8403540	0	8	1
8404850	498	8	1
8406160	0	8	1
8407472	0	8	1
8408782	8727	8	64
8410094	28132	8	1
8411404	0	8	1
8412716	1010	8	1
8414026	0	8	1
8438932	0	8	1
8440242	1522	8	1
8441554	0	8	1
8466460	0	8	1
8467770	1010	8	1
8469082	1522	8	1
8470392	0	8	1
8486122	0	8	1
8487434	8799	8	64
8488744	0	8	1
8524138	0	8	1
8525448	498	8	1
8526760	0	8	1
8538556	0	8	1
8539868	16356	8	1
8541178	0	8	1
8556908	0	8	1
8558220	1010	8	1
8559530	0	8	1
8562152	0	8	1
8563462	498	8	1
8564774	0	8	1
8601478	0	8	1
8602788	498	8	1
8604100	0	8	1
8605410	498	8	1
8606722	0	8	1
8610654	0	8	1
8611964	1522	8	1
8613276	0	8	1
8643424	0	8	1
8644736	2546	8	1
8646046	0	8	1
8647358	996	8	1
8648668	0	8	1
8659156	0	8	1
8660466	498	8	1
8661776	0	8	1
8674886	0	8	1
8676196	498	8	1
8677506	0	8	1
8724698	0	8	1
8726008	2034	8	1
8727320	0	8	1
8733874	0	8	1
8735184	498	8	1
8736496	0	8	1
8764024	0	8	1
8765334	498	8	1
8766644	0	8	1
8808592	0	8	1
8809902	11257	8	4
8811214	0	8	1
8823012	0	8	1
8824322	498	8	1
8825634	0	8	1
8836120	0	8	1
8837430	17711	8	64
8838742	23545	8	4
8840052	0	8	1
8841364	4068	8	1
8842674	0	8	1
8846606	0	8	1
8847918	498	8	1
8849228	0	8	1
8863648	0	8	1
8864958	1522	8	1
8866270	0	8	1
8871512	0	8	1
8872824	1010	8	1
8874134	0	8	1
8876756	0	8	1
8878068	10199	8	64
8879378	2034	8	1
8880688	0	8	1
8889864	0	8	1
8891176	11400	8	64
8892486	18553	8	4
8893798	0	8	1
8895108	3058	8	1
8896420	0	8	1
8910838	0	8	1
8912150	1010	8	1
8913460	0	8	1
8922636	0	8	1
8923946	498	8	1
8925258	0	8	1
8929190	0	8	1
8930502	498	8	1
8931812	0	8	1
8937056	0	8	1
8938366	498	8	1
8939678	0	8	1
8940988	0	8	1
8942298	498	8	1
8943610	0	8	1
8992112	0	8	1
8993422	2034	8	1
8994732	0	8	1
8997354	0	8	1
8998666	498	8	1
8999976	0	8	1
9015706	0	8	1
9017018	498	8	1
9018328	0	8	1
9020950	0	8	1
9022260	3058	8	1
9023572	0	8	1
9035370	0	8	1
9036680	1010	8	1
9037992	0	8	1
9055032	0	8	1
9056342	498	8	1
9057654	2546	8	1
9058964	0	8	1
9060276	0	8	1
9061586	1010	8	1
9062898	0	8	1
9064208	0	8	1
9065518	498	8	1
9066830	0	8	1
9102222	0	8	1
9103534	1522	8	1
9104844	0	8	1
9106156	0	8	1
9107466	1010	8	1
9108776	0	8	1
9110088	4082	8	1
9111398	0	8	1
9123196	0	8	1
9124508	2020	8	1
9125818	0	8	1
9127128	0	8	1
9128440	498	8	1
9129750	0	8	1
9138926	0	8	1
9140238	498	8	1
9141548	0	8	1
9169076	0	8	1
9170386	4068	8	1
9171698	0	8	1
9187428	0	8	1
9188738	498	8	1
9190050	0	8	1
9197914	0	8	1
9199226	1010	8	1
9200536	0	8	1
9211024	0	8	1
9212334	1010	8	1
9213646	0	8	1
9242484	0	8	1
9243794	1010	8	1
9245106	0	8	1
9256904	0	8	1
9258214	2034	8	1
9259524	0	8	1
9276566	0	8	1
9277876	9714	8	1
9279188	13191	8	64
9280498	0	8	1
9285742	0	8	1
9287052	1010	8	1
9288364	0	8	1
9313270	0	8	1
9314580	1010	8	1
9315892	0	8	1
9319824	0	8	1
9321134	3044	8	1
9322446	0	8	1
9347352	0	8	1
9348662	1010	8	1
9349974	0	8	1
9353906	0	8	1
9355216	6613	8	1
9356528	0	8	1
9382744	0	8	1
9384056	1010	8	1
9385366	0	8	1
9427314	0	8	1
9428624	3058	8	1
9429936	0	8	1
9508586	0	8	1
9509898	498	8	1
9511208	0	8	1
9520384	0	8	1
9521696	4068	8	1
9523006	0	8	1
9525628	0	8	1
9526938	498	8	1
9528250	0	8	1
9537426	0	8	1
9538736	498	8	1
9540046	0	8	1
9545290	0	8	1
9546602	1010	8	1
9547912	0	8	1
9557088	0	8	1
9558398	2034	8	1
9559710	0	8	1
9571508	0	8	1
9572818	1010	8	1
9574130	0	8	1
9583306	0	8	1
9584616	1010	8	1
9585926	0	8	1
9630496	0	8	1
9631806	8847	8	64
9633118	0	8	1
9635740	0	8	1
9637050	498	8	1
9638360	0	8	1
9644916	0	8	1
9646226	498	8	1
9647536	0	8	1
9650158	0	8	1
9651470	4082	8	1
9652780	0	8	1
9692106	0	8	1
9693416	1522	8	1
9694728	0	8	1
9701282	0	8	1
9702592	2546	8	1
9703904	0	8	1
9714390	0	8	1
9715702	498	8	1
9717012	0	8	1
9718322	1522	8	1
9719634	0	8	1
9720944	3058	8	1
9722256	0	8	1
9758960	0	8	1
9760270	498	8	1
9761580	0	8	1
9776000	0	8	1
9777312	498	8	1
9778622	0	8	1
9783866	0	8	1
9785176	13543	8	64
9786486	0	8	1
9803528	0	8	1
9804838	498	8	1
9806150	0	8	1
9815326	0	8	1
9816636	498	8	1
9817948	0	8	1
9840232	0	8	1
9841542	498	8	1
9842854	0	8	1
9861206	0	8	1
9862516	498	8	1
9863828	0	8	1
9869070	0	8	1
9870382	2532	8	1
9871692	0	8	1
9890044	0	8	1
9891356	996	8	1
9892666	0	8	1
9893976	0	8	1
9895288	498	8	1
9896598	0	8	1
9911018	0	8	1
9912328	498	8	1
9913640	0	8	1
9951654	0	8	1
9952966	1010	8	1
9954276	0	8	1
9956898	0	8	1
9958208	1522	8	1
9959520	0	8	1
9984426	0	8	1
9985736	1522	8	1
9987048	0	8	1
9993602	0	8	1
9994912	3058	8	1
9996224	0	8	1
10025062	0	8	1
10026372	1010	8	1
10027684	0	8	1
10031616	0	8	1
10032926	498	8	1
10034238	0	8	1
10089294	0	8	1
10090604	7652	8	1
10091916	0	8	1
10095848	0	8	1
10097158	3058	8	1
10098470	0	8	1
10107646	0	8	1
10108956	498	8	1
10110268	0	8	1
10225622	0	8	1
10226932	1010	8	1
10228244	0	8	1
10233488	0	8	1
10234798	3570	8	1
10236108	0	8	1
10262326	0	8	1
10263636	14847	8	64
10264948	23026	8	1
10266258	0	8	1
10288542	0	8	1
10289854	498	8	1
10291164	0	8	1
10292476	0	8	1
10293786	1010	8	1
10295098	1010	8	1
10296408	0	8	1
10300340	0	8	1
10301652	1010	8	1
10302962	0	8	1
10355396	0	8	1
10356708	4082	8	1
10358018	1010	8	1
10359328	0	8	1
10397344	0	8	1
10398654	498	8	1
10399966	0	8	1
10413074	0	8	1
10414384	2546	8	1
10415696	0	8	1
10455022	0	8	1
10456332	2034	8	1
10457642	0	8	1
10486482	0	8	1
10487792	498	8	1
10489104	0	8	1
10554646	0	8	1
10555956	4594	8	1
10557268	0	8	1
10559890	0	8	1
10561200	2034	8	1
10562510	0	8	1
10569066	0	8	1
10570376	1522	8	1
10571686	0	8	1
10618878	0	8	1
10620188	2020	8	1
10621500	0	8	1
10622810	0	8	1
10624120	996	8	1
10625432	0	8	1
10626742	2034	8	1
10628054	0	8	1
10629364	2546	8	1
10630676	1522	8	1
10631986	0	8	1
10637230	0	8	1
10638540	498	8	1
10639852	0	8	1
10643784	0	8	1
10645094	498	8	1
10646406	0	8	1
10654270	0	8	1
10655582	498	8	1
10656892	0	8	1
10658202	0	8	1
10659514	498	8	1
10660824	0	8	1
10711948	0	8	1
10713258	498	8	1
10714570	0	8	1
10728988	0	8	1
10730300	1010	8	1
10731610	0	8	1
10755206	0	8	1
10756516	4068	8	1
10757828	0	8	1
10765692	0	8	1
10767004	1522	8	1
10768314	0	8	1
10794532	0	8	1
10795842	11644	8	4
10797154	27620	8	1
10798464	0	8	1
10799774	3570	8	1
10801086	0	8	1
10806330	0	8	1
10807640	1010	8	1
10808950	0	8	1
10839100	0	8	1
10840412	498	8	1
10841722	0	8	1
10844344	0	8	1
10845654	498	8	1
10846966	0	8	1
10848276	498	8	1
10849588	0	8	1
10864006	0	8	1
10865318	498	8	1
10866628	0	8	1
10946590	0	8	1
10947902	498	8	1
10949212	0	8	1
10955766	0	8	1
10957078	498	8	1
10958388	0	8	1
10970186	0	8	1
10971496	22813	8	16
10972808	0	8	1
10996402	0	8	1
10997714	2034	8	1
10999024	0	8	1
11017376	0	8	1
11018688	1010	8	1
11019998	0	8	1
11023930	0	8	1
11025242	3570	8	1
11026552	0	8	1
11037038	0	8	1
11038350	498	8	1
11039660	0	8	1
11042282	0	8	1
11043594	1522	8	1
11044904	0	8	1
11046214	498	8	1
11047526	0	8	1
11071122	0	8	1
11072432	1010	8	1
11073742	0	8	1
11092094	0	8	1
11093406	1010	8	1
11094716	0	8	1
11096028	498	8	1
11097338	0	8	1
11107824	0	8	1
11109136	4082	8	1
11110446	0	8	1
11166814	0	8	1
11168124	1010	8	1
11169434	0	8	1
11170746	0	8	1
11172056	1010	8	1
11173368	1522	8	1
11174678	0	8	1
11175990	1522	8	1
11177300	0	8	1
11195652	0	8	1
11196962	2546	8	1
11198274	0	8	1
11207450	0	8	1
11208760	498	8	1
11210072	0	8	1
11249396	0	8	1
11250708	498	8	1
11252018	0	8	1
11276924	0	8	1
11278236	4082	8	1
11279546	1522	8	1
11280858	0	8	1
11296588	0	8	1
11297898	498	8	1
11299210	0	8	1
11308386	0	8	1
11309696	1010	8	1
11311006	2546	8	1
11312318	498	8	1
11313628	0	8	1
11343778	0	8	1
11345088	1010	8	1
11346400	498	8	1
11347710	0	8	1
11414564	0	8	1
11415874	3058	8	1
11417186	0	8	1
11434226	0	8	1
11435538	2546	8	1
11436848	0	8	1
11444714	0	8	1
11446024	1010	8	1
11447336	0	8	1
11459132	0	8	1
11460444	1010	8	1
11461754	0	8	1
11491904	0	8	1
11493216	2034	8	1
11494526	0	8	1
11495836	2532	8	1
11497148	0	8	1
11533852	0	8	1
11535162	1010	8	1
11536474	0	8	1
11537784	3058	8	1
11539094	0	8	1
11553514	0	8	1
11554826	1010	8	1
11556136	0	8	1
11586286	0	8	1
11587596	1522	8	1
11588908	0	8	1
11634788	0	8	1
11636098	498	8	1
11637408	0	8	1
11684600	0	8	1
11685910	2034	8	1
11687222	0	8	1
11688532	0	8	1
11689842	498	8	1
11691154	498	8	1
11692464	0	8	1
11714748	0	8	1
11716060	12775	8	64
11717370	17380	8	1
11718682	0	8	1
11735722	0	8	1
11737034	498	8	1
11738344	0	8	1
11739656	0	8	1
11740966	498	8	1
11742276	0	8	1
11751452	0	8	1
11752764	2034	8	1
11754074	0	8	1
11775048	0	8	1
11776358	498	8	1
11777670	0	8	1
11778980	1010	8	1
11780292	0	8	1
11802576	0	8	1
11803886	2546	8	1
11805198	0	8	1
11810442	0	8	1
11811752	498	8	1
11813062	0	8	1
11839280	0	8	1
11840590	1522	8	1
11841902	498	8	1
11843212	0	8	1
11845834	0	8	1
11847144	1522	8	1
11848456	0	8	1
11862876	0	8	1
11864186	1522	8	1
11865496	0	8	1
11870740	0	8	1
11872052	498	8	1
11873362	0	8	1
11933662	0	8	1
11934972	1522	8	1
11936282	0	8	1
11938904	0	8	1
11940216	498	8	1
11941526	498	8	1
11942838	0	8	1
11950702	0	8	1
11952012	498	8	1
11953324	0	8	1
11980852	0	8	1
11982162	1010	8	1
11983474	0	8	1
11996582	0	8	1
11997892	3556	8	1
11999204	498	8	1
12000514	0	8	1
12055570	0	8	1
12056882	498	8	1
12058192	0	8	1
12096206	0	8	1
12097518	498	8	1
12098828	0	8	1
12115870	0	8	1
12117180	1010	8	1
12118492	1010	8	1
12119802	0	8	1
12132910	0	8	1
12134222	2020	8	1
12135532	498	8	1
12136842	498	8	1
12138154	0	8	1
12152574	0	8	1
12153884	1010	8	1
12155194	0	8	1
12195832	0	8	1
12197142	1522	8	1
12198452	0	8	1
12199764	2034	8	1
12201074	0	8	1
12216804	0	8	1
12218116	1010	8	1
12219426	0	8	1
12246954	0	8	1
12248266	3058	8	1
12249576	0	8	1
12260062	0	8	1
12261374	1010	8	1
12262684	8661	8	1
12263996	0	8	1
12325606	0	8	1
12326916	1010	8	1
12328228	0	8	1
12336092	0	8	1
12337404	1010	8	1
12338714	0	8	1
12340024	0	8	1
12341336	498	8	1
12342646	0	8	1
12367552	0	8	1
12368864	498	8	1
12370174	0	8	1
12371486	3044	8	1
12372796	0	8	1
12391148	0	8	1
12392458	32318	8	16
12393770	15773	8	16
12395080	0	8	1
12400324	0	8	1
12401634	1010	8	1
12402946	0	8	1
12404256	2546	8	1
12405568	0	8	1
12422608	0	8	1
12423920	5106	8	1
12425230	0	8	1
12452758	0	8	1
12454068	2546	8	1
12455380	0	8	1
12458002	0	8	1
12459312	3058	8	1
12460624	0	8	1
12471110	0	8	1
12472420	1010	8	1
12473732	3556	8	1
12475042	0	8	1
12480286	0	8	1
12481596	1010	8	1
12482908	0	8	1
12518300	0	8	1
12519612	996	8	1
12520922	0	8	1
12522234	0	8	1
12523544	2034	8	1
12524854	0	8	1
12527476	0	8	1
12528788	2532	8	1
12530098	0	8	1
12551072	0	8	1
12552382	3556	8	1
12553694	0	8	1
12566802	0	8	1
12568112	1522	8	1
12569424	0	8	1
12634966	0	8	1
12636278	1522	8	1
12637588	0	8	1
12638898	0	8	1
12640210	498	8	1
12641520	0	8	1
12661184	0	8	1
12662494	1010	8	1
12663806	0	8	1
12676914	0	8	1
12678224	3570	8	1
12679536	0	8	1
12687400	0	8	1
12688712	1522	8	1
12690022	0	8	1
12707064	0	8	1
12708374	498	8	1
12709684	0	8	1
12713618	0	8	1
12714928	1522	8	1
12716240	0	8	1
12747700	0	8	1
12749010	498	8	1
12750322	0	8	1
12754254	0	8	1
12755564	2034	8	1
12756876	0	8	1
12766052	0	8	1
12767362	8879	8	64
12768674	10212	8	1
12769984	0	8	1
12783092	0	8	1
12784404	498	8	1
12785714	1010	8	1
12787026	0	8	1
12798822	0	8	1
12800134	2034	8	1
12801444	0	8	1
12826350	0	8	1
12827662	498	8	1
12828972	0	8	1
12848636	0	8	1
12849946	498	8	1
12851256	0	8	1
12855190	0	8	1
12856500	498	8	1
12857812	0	8	1
12876162	0	8	1
12877474	2034	8	1
12878784	0	8	1
12906312	0	8	1
12907624	5604	8	1
12908934	2034	8	1
12910246	0	8	1
12924664	0	8	1
12925976	1010	8	1
12927286	0	8	1
12992828	0	8	1
12994140	498	8	1
12995450	0	8	1
13024290	0	8	1
13025600	3058	8	1
13026910	0	8	1
13030844	0	8	1
13032154	498	8	1
13033466	0	8	1
13057060	0	8	1
13058372	1010	8	1
13059682	0	8	1
13064926	0	8	1
13066236	1522	8	1
13067548	0	8	1
13092454	0	8	1
13093764	2546	8	1
13095076	0	8	1
13101630	0	8	1
13102940	498	8	1
13104252	0	8	1
13121292	0	8	1
13122604	2020	8	1
13123914	0	8	1
13140954	0	8	1
13142266	1010	8	1
13143576	0	8	1
13156686	0	8	1
13157996	3058	8	1
13159306	0	8	1
13169794	0	8	1
13171104	1010	8	1
13172416	1522	8	1
13173726	0	8	1
13180280	0	8	1
13181592	1010	8	1
13182902	0	8	1
13185524	0	8	1
13186834	1010	8	1
13188146	0	8	1
13207808	0	8	1
13209120	2034	8	1
13210430	0	8	1
13230092	0	8	1
13231404	4082	8	1
13232714	0	8	1
13241890	0	8	1
13243202	2546	8	1
13244512	0	8	1
13256310	0	8	1
13257620	1522	8	1
13258932	0	8	1
13295636	0	8	1
13296946	498	8	1
13298258	0	8	1
13337582	0	8	1
13338894	498	8	1
13340204	0	8	1
13346758	0	8	1
13348070	1010	8	1
13349380	0	8	1
13372976	0	8	1
13374286	498	8	1
13375598	0	8	1
13392638	0	8	1
13393950	498	8	1
13395260	0	8	1
13396570	498	8	1
13397882	0	8	1
13400504	0	8	1
13401814	2034	8	1
13403126	0	8	1
13426720	0	8	1
13428032	2034	8	1
13429342	0	8	1
13441140	0	8	1
13442450	1010	8	1
13443762	0	8	1
13485708	0	8	1
13487020	4594	8	1
13488330	0	8	1
13511926	0	8	1
13513236	1010	8	1
13514548	0	8	1
13528966	0	8	1
13530278	498	8	1
13531588	0	8	1
13560428	0	8	1
13561738	5092	8	1
13563048	0	8	1
13573536	0	8	1
13574846	498	8	1
13576158	4068	8	1
13577468	0	8	1
13580090	0	8	1
13581400	498	8	1
13582712	0	8	1
13616794	0	8	1
13618104	1010	8	1
13619416	0	8	1
13650876	0	8	1
13652186	498	8	1
13653498	0	8	1
13702000	0	8	1
13703310	1010	8	1
13704620	1522	8	1
13705932	0	8	1
13747878	0	8	1
13749190	2034	8	1
13750500	0	8	1
13764920	0	8	1
13766230	3570	8	1
13767542	0	8	1
13827840	0	8	1
13829152	3570	8	1
13830462	0	8	1
13881586	0	8	1
13882896	2034	8	1
13884208	0	8	1
13952372	0	8	1
13953682	1508	8	1
13954994	0	8	1
13956304	0	8	1
13957616	1508	8	1
13958926	0	8	1
13974656	0	8	1
13975968	498	8	1
13977278	0	8	1
13994318	0	8	1
13995630	2034	8	1
13996940	0	8	1
14027090	0	8	1
14028402	1508	8	1
14029712	0	8	1
14033644	0	8	1
14034956	3058	8	1
14036266	0	8	1
14076902	0	8	1
14078214	498	8	1
14079524	0	8	1
14147688	0	8	1
14149000	498	8	1
14150310	0	8	1
14181770	0	8	1
14183082	1522	8	1
14184392	0	8	1
14213232	0	8	1
14214542	498	8	1
14215852	0	8	1
14243380	0	8	1
14244692	2034	8	1
14246002	0	8	1
14253868	0	8	1
14255178	2020	8	1
14256490	0	8	1
14273530	0	8	1
14274842	1010	8	1
14276152	0	8	1
14289260	0	8	1
14290572	498	8	1
14291882	0	8	1
14310234	0	8	1
14311544	498	8	1
14312856	0	8	1
14357424	0	8	1
14358736	2034	8	1
14360046	0	8	1
14365290	0	8	1
14366600	2532	8	1
14367912	0	8	1
14369222	498	8	1
14370534	0	8	1
14374466	0	8	1
14375776	5092	8	1
14377088	0	8	1
14392818	0	8	1
14394128	2546	8	1
14395440	0	8	1
14417724	0	8	1
14419034	1010	8	1
14420346	0	8	1
14425588	0	8	1
14426900	1010	8	1
14428210	0	8	1
14429522	498	8	1
14430832	0	8	1
14459672	0	8	1
14460982	3570	8	1
14462292	0	8	1
14479334	0	8	1
14480644	4082	8	1
14481956	0	8	1
14485888	0	8	1
14487198	3058	8	1
14488510	0	8	1
14497686	0	8	1
14498996	498	8	1
14500308	498	8	1
14501618	0	8	1
14509484	0	8	1
14510794	498	8	1
14512106	0	8	1
14529146	0	8	1
14530458	3058	8	1
14531768	996	8	1
14533078	0	8	1
14552742	0	8	1
14554052	1010	8	1
14555364	0	8	1
14575026	0	8	1
14576336	1522	8	1
14577648	0	8	1
14678584	0	8	1
14679894	498	8	1
14681204	498	8	1
14682516	0	8	1
14683826	0	8	1
14685138	2020	8	1
14686448	0	8	1
14690380	0	8	1
14691692	498	8	1
14693002	2546	8	1
14694314	0	8	1
14703490	0	8	1
14704800	1010	8	1
14706112	0	8	1
14772964	0	8	1
14774276	498	8	1
14775586	0	8	1
14790006	0	8	1
14791316	3058	8	1
14792628	0	8	1
14804424	0	8	1
14805736	2546	8	1
14807046	0	8	1
14841128	0	8	1
14842440	1010	8	1
14843750	0	8	1
14858170	0	8	1
14859480	498	8	1
14860792	0	8	1
14875210	0	8	1
14876522	498	8	1
14877832	0	8	1
14911914	0	8	1
14913226	498	8	1
14914536	0	8	1
14974836	0	8	1
14976146	498	8	1
14977458	0	8	1
14978768	498	8	1
14980078	0	8	1
14981390	0	8	1
14982700	498	8	1
14984012	0	8	1
14998430	0	8	1
14999742	1522	8	1
15001052	0	8	1
15003674	0	8	1
15004986	1522	8	1
15006296	0	8	1
15024648	0	8	1
15025958	498	8	1
15027270	0	8	1
15033824	0	8	1
15035134	4594	8	1
15036446	0	8	1
15065284	0	8	1
15066596	1522	8	1
15067906	0	8	1
15079704	0	8	1
15081014	1010	8	1
15082326	2532	8	1
15083636	0	8	1
15115096	0	8	1
15116408	498	8	1
15117718	0	8	1
15166220	0	8	1
15167530	1522	8	1
15168842	0	8	1
15201612	0	8	1
15202924	498	8	1
15204234	0	8	1
15216032	0	8	1
15217344	498	8	1
15218654	0	8	1
15225208	0	8	1
15226518	1522	8	1
15227830	0	8	1
15243560	0	8	1
15244870	498	8	1
15246182	0	8	1
15272398	0	8	1
15273710	498	8	1
15275020	0	8	1
15323522	0	8	1
15324832	1522	8	1
15326144	0	8	1
15344496	0	8	1
15345806	1522	8	1
15347118	0	8	1
15358914	0	8	1
15360226	498	8	1
15361536	0	8	1
15392998	0	8	1
15394308	1522	8	1
15395618	0	8	1
15438876	0	8	1
15440188	3058	8	1
15441498	0	8	1
15461162	0	8	1
15462472	3058	8	1
15463784	0	8	1
15474270	0	8	1
15475580	1010	8	1
15476892	0	8	1
15492622	0	8	1
15493932	1010	8	1
15495244	0	8	1
15525394	0	8	1
15526704	498	8	1
15528014	0	8	1
15545056	0	8	1
15546366	2034	8	1
15547678	0	8	1
15556854	0	8	1
15558164	498	8	1
15559476	0	8	1
15571272	0	8	1
15572584	5092	8	1
15573894	0	8	1
15594868	0	8	1
15596178	498	8	1
15597490	0	8	1
15600112	0	8	1
15601422	3058	8	1
15602734	0	8	1
15610598	0	8	1
15611910	7140	8	1
15613220	1010	8	1
15614530	0	8	1
15615842	1522	8	1
15617152	0	8	1
15655168	0	8	1
15656478	498	8	1
15657788	0	8	1
15676140	0	8	1
15677452	2034	8	1
15678762	498	8	1
15680074	0	8	1
15684006	0	8	1
15685316	1522	8	1
15686628	0	8	1
15698426	0	8	1
15699736	1010	8	1
15701048	0	8	1
15723332	0	8	1
15724642	1522	8	1
15725954	0	8	1
15727264	0	8	1
15728574	1010	8	1
15729886	0	8	1
15731196	0	8	1
15732508	498	8	1
15733818	0	8	1
15735130	0	8	1
15736440	1522	8	1
15737750	1010	8	1
15739062	0	8	1
15795428	0	8	1
15796740	498	8	1
15798050	498	8	1
15799360	0	8	1
15805916	0	8	1
15807226	1522	8	1
15808536	0	8	1
15809848	0	8	1
15811158	498	8	1
15812470	0	8	1
15859660	0	8	1
15860970	1522	8	1
15862282	0	8	1
15896364	0	8	1
15897674	2034	8	1
15898986	0	8	1
15921270	0	8	1
15922580	498	8	1
15923892	0	8	1
15933068	0	8	1
15934378	4082	8	1
15935690	0	8	1
15948798	0	8	1
15950108	1010	8	1
15951420	0	8	1
15952730	498	8	1
15954042	0	8	1
15989434	0	8	1
15990746	498	8	1
15992056	0	8	1
15999922	0	8	1
16001232	498	8	1
16002542	0	8	1
16003854	2546	8	1
16005164	0	8	1
16106100	0	8	1
16107410	2034	8	1
16108722	0	8	1
16110032	1522	8	1
16111344	0	8	1
16141494	0	8	1
16142804	1522	8	1
16144114	0	8	1
16178196	0	8	1
16179508	2034	8	1
16180818	0	8	1
16250294	0	8	1
16251604	498	8	1
16252916	0	8	1
16275200	0	8	1
16276510	1010	8	1
16277822	0	8	1
16330256	0	8	1
16331566	6628	8	1
16332878	0	8	1
16334188	0	8	1
16335500	3058	8	1
16336810	0	8	1
16382690	0	8	1
