100.02	4.68E+03			
100.09	3.86E+05			
100.16	2.55E+04			
100.23	1.40E+05			
100.3	2.34E+03			5.66E+06
100.37	2.35E+05			
100.44	4.49E+05			
100.51	3.80E+03			
100.58	0.00E+00			
100.65	2.93E+02			
100.72	0.00E+00			
100.79	2.98E+05			
100.86	5.85E+02			
100.93	2.93E+02			
101	3.65E+05			
101.07	5.88E+05			
101.14	1.71E+05			
101.21	1.46E+03			
101.28	3.22E+03			
101.35	1.46E+06			
101.42	5.41E+05			
101.49	7.41E+05			
101.56	4.78E+05			
101.63	5.88E+05			
101.7	1.31E+06			
101.77	4.82E+05			
101.84	1.56E+06			
101.91	1.20E+06			
101.98	1.46E+06			
102.05	4.03E+05			
102.12	3.00E+05			
102.19	7.24E+05			
102.26	3.10E+05			
102.33	1.10E+05			
102.4	2.86E+05			
102.47	2.20E+05			
102.54	0.00E+00			
102.61	2.36E+05			
102.68	7.44E+05			
102.75	2.28E+05			
102.82	2.70E+05			
102.89	0.00E+00			
102.96	0.00E+00			
103.03	5.05E+05			
103.1	1.76E+03			
103.17	5.85E+02			
103.24	0.00E+00			
103.31	4.37E+05			
103.38	1.76E+03			
103.45	5.69E+05			
103.52	2.67E+05			
103.59	6.06E+05			
103.66	3.01E+04			
103.73	2.73E+05			
103.8	1.70E+04			
103.87	8.08E+04			
103.94	4.68E+05			
104.01	2.52E+05			
104.08	4.59E+05			
104.15	0.00E+00			
104.22	1.17E+03			
104.29	4.10E+03			
104.36	3.51E+03			
104.43	2.34E+03			
104.5	1.84E+04			
104.57	2.93E+02			
104.64	1.91E+05			
104.71	5.53E+05			
104.78	2.23E+05			
104.85	0.00E+00			
104.92	2.05E+03			
104.99	0.00E+00			
105.07	4.10E+03			
105.14	0.00E+00			
105.28	0.00E+00			
105.35	5.85E+02			
105.42	1.46E+03			
105.49	0.00E+00			
105.56	5.45E+05			
105.63	5.85E+02			
105.7	4.43E+05			
105.77	1.41E+05			
105.84	1.30E+05			
105.91	6.15E+05			
105.98	0.00E+00			
106.05	5.56E+03			
106.12	6.32E+05			
106.19	1.46E+05			
106.26	8.78E+02			
106.33	2.75E+04			
106.4	1.73E+05			
106.47	0.00E+00			
106.54	1.54E+05			
106.61	0.00E+00			
106.68	1.76E+03			
106.75	0.00E+00			
106.82	0.00E+00			
106.89	3.90E+05			
106.96	6.04E+05			
107.03	1.17E+03			
107.1	0.00E+00			
107.24	0.00E+00			
107.31	1.05E+04			
107.38	9.88E+05			
107.45	3.92E+05			
107.52	5.08E+05			
107.59	2.91E+05			
107.66	8.78E+02			
107.73	7.80E+05			
107.8	0.00E+00			
107.87	7.52E+04			
107.94	1.05E+06			
108.01	2.37E+04			
108.08	8.98E+04			
108.15	0.00E+00			
108.29	0.00E+00			
108.36	3.68E+05			
108.43	0.00E+00			
108.5	2.41E+05			
108.57	1.33E+05			
108.64	0.00E+00			
108.71	2.93E+02			
108.78	0.00E+00			
108.85	0.00E+00			
108.92	3.22E+03			
108.99	4.77E+05			
109.06	7.40E+04			
109.13	0.00E+00			
109.27	0.00E+00			
109.34	5.28E+05			
109.41	1.34E+05			
109.48	6.07E+05			
109.55	1.47E+06			
109.62	8.24E+05			
109.69	1.08E+06			
109.76	3.61E+05			
109.83	4.35E+05			
109.9	3.66E+05			
109.97	1.31E+06			
110.04	8.10E+05			
110.11	1.76E+03			
110.18	9.66E+03			
110.25	5.86E+05			
110.32	4.97E+03			
110.39	1.20E+04			
110.46	1.58E+06			
110.53	4.21E+04			
110.6	1.39E+05			
110.67	1.80E+06			
110.74	2.34E+04			
110.81	4.42E+04			
110.88	6.13E+05			
110.95	0.00E+00			
111.02	9.41E+05			
111.09	6.88E+05			
111.16	4.12E+05			
111.23	2.63E+03			
111.3	8.30E+05			
111.37	4.51E+04			
111.44	6.04E+05			
111.51	3.89E+05			
111.58	3.80E+03			
111.65	5.85E+02			
111.72	2.93E+02			
111.79	1.56E+05			
111.86	9.39E+04			
111.93	5.85E+02			
112	0.00E+00			
112.07	0.00E+00			
112.14	8.54E+04			
112.21	3.06E+05			
112.28	2.58E+04			
112.35	1.26E+06			
112.42	1.70E+05			
112.49	2.57E+05			
112.56	2.34E+03			
112.63	3.59E+05			
112.7	3.51E+03			
112.77	9.99E+05			
112.84	1.17E+04			
112.91	4.24E+04			
112.98	1.55E+04			
113.05	3.53E+05			
113.12	2.00E+05			
113.19	3.05E+05			
113.26	1.22E+06			
113.33	2.35E+06			
113.4	1.10E+06			
113.47	2.58E+06			
113.54	2.26E+06			
113.61	1.13E+06			
113.68	1.43E+06			
113.75	1.58E+06			
113.82	7.56E+05			
113.89	1.02E+06			
113.96	1.90E+06			
114.03	1.22E+06			
114.1	3.91E+05			
114.17	1.32E+04			
114.24	5.20E+05			
114.31	9.64E+05			
114.38	3.48E+05			
114.45	1.18E+06			
114.52	2.31E+06			
114.59	8.50E+05			
114.66	8.37E+05			
114.73	1.74E+06			
114.8	1.59E+06			
114.87	1.08E+06			
114.94	1.80E+06			
115.01	5.06E+05			
115.08	3.01E+05			
115.15	1.99E+05			
115.22	1.56E+05			
115.29	5.26E+05			
115.36	2.09E+05			
115.43	8.81E+04			
115.5	3.63E+04			
115.57	2.19E+05			
115.64	1.09E+06			
115.71	2.17E+04			
115.78	2.88E+05			
115.85	0.00E+00			
115.92	2.59E+05			
115.99	8.49E+03			
116.06	2.17E+04			
116.13	3.04E+05			
116.2	1.46E+03			
116.27	0.00E+00			
116.55	0.00E+00			
116.62	2.93E+03			
116.69	2.93E+02			
116.76	0.00E+00			
116.83	8.34E+04			
116.9	5.30E+04			
116.97	3.05E+05			
117.04	0.00E+00			
117.11	0.00E+00			
117.18	1.36E+05			
117.25	2.05E+05			
117.32	1.96E+05			
117.39	6.43E+05			
117.46	1.10E+06			
117.53	6.13E+05			
117.6	4.20E+05			
117.67	1.16E+06			
117.74	1.95E+06			
117.81	1.67E+06			
117.88	1.16E+06			
117.95	2.02E+06			
118.02	7.91E+05			
118.09	9.68E+05			
118.16	4.07E+04			
118.23	0.00E+00			
118.3	3.22E+03			
118.37	2.34E+03			
118.44	4.42E+05			
118.51	3.53E+05			
118.58	1.87E+05			
118.65	5.42E+05			
118.72	0.00E+00			
118.79	1.13E+05			
118.86	2.68E+05			
118.93	1.96E+05			
119	7.11E+04			
119.07	3.22E+03			
119.14	1.35E+04			
119.21	3.84E+05			
119.28	1.23E+05			
119.35	1.93E+05			
119.42	0.00E+00			
119.49	0.00E+00			
119.56	2.19E+05			
119.63	5.68E+05			
119.7	0.00E+00			
119.77	2.58E+05			
119.84	9.19E+04			
119.91	0.00E+00			
120.05	0.00E+00			
120.12	2.34E+03			
120.19	0.00E+00			
120.26	0.00E+00			
120.33	5.85E+02			
120.4	5.51E+05			
120.47	1.32E+04			
120.54	0.00E+00			
120.61	2.34E+03			
120.68	0.00E+00			
120.75	8.48E+04			
120.82	4.68E+03			
120.89	6.44E+04			
120.96	0.00E+00			
121.1	0.00E+00			
121.17	2.93E+02			
121.24	8.78E+02			
121.31	4.66E+05			
121.38	8.90E+05			
121.45	2.65E+05			
121.52	2.53E+05			
121.59	2.27E+05			
121.66	6.40E+05			
121.73	2.67E+05			
121.8	3.49E+05			
121.87	4.54E+05			
121.94	9.34E+05			
122.01	6.21E+05			
122.08	4.35E+05			
122.15	0.00E+00			
122.22	3.80E+03			
122.29	5.05E+05			
122.36	4.65E+05			
122.44	5.22E+05			
122.51	0.00E+00			
122.58	0.00E+00			
122.65	2.93E+03			
122.72	2.37E+05			
122.79	2.91E+05			
122.86	0.00E+00			
123	0.00E+00			
123.07	3.80E+03			
123.14	5.85E+02			
123.21	0.00E+00			
123.49	0.00E+00			
123.56	1.70E+05			
123.63	0.00E+00			
123.7	1.17E+03			
123.77	2.47E+05			
123.84	1.81E+04			
123.91	0.00E+00			
124.12	0.00E+00			
124.19	2.93E+03			
124.26	0.00E+00			
124.33	0.00E+00			
124.4	1.17E+03			
124.47	2.76E+05			
124.54	4.86E+04			
124.61	2.55E+05			
124.68	4.25E+05			
124.75	1.61E+05			
124.82	2.81E+05			
124.89	1.80E+05			
124.96	0.00E+00			
125.03	2.93E+02			
125.1	0.00E+00			
125.17	6.78E+05			
125.24	2.89E+05			
125.31	1.04E+06			
125.38	1.16E+06			
125.45	1.10E+06			
125.52	1.31E+06			
125.59	8.15E+05			
125.66	1.78E+06			
125.73	1.53E+06			
125.8	1.61E+06			
125.87	6.67E+05			
125.94	2.12E+06			
126.01	5.27E+05			
126.08	1.31E+06			
126.15	5.28E+05			
126.22	2.08E+05			
126.29	1.55E+05			
126.36	5.25E+05			
126.43	3.87E+05			
126.5	7.55E+04			
126.57	6.44E+03			
126.64	2.63E+03			
126.71	5.09E+04			
126.78	2.93E+02			
126.85	0.00E+00			
126.92	1.32E+05			
126.99	0.00E+00			
127.06	3.63E+05			
127.13	3.60E+04			
127.2	0.00E+00			
127.27	2.93E+02			
127.34	3.10E+05			
127.41	2.63E+03			
127.48	1.69E+05			
127.55	2.34E+05			
127.62	3.22E+05			
127.69	1.17E+03			
127.76	0.00E+00			
127.83	3.92E+04			
127.9	8.49E+03			
127.97	1.73E+05			
128.04	2.93E+02			
128.11	0.00E+00			
128.25	0.00E+00			
128.32	8.78E+02			
128.39	1.94E+05			
128.46	1.90E+05			
128.53	3.24E+05			
128.6	2.66E+05			
128.67	2.93E+02			
128.74	0.00E+00			
128.81	5.04E+05			
128.88	2.19E+05			
128.95	4.11E+05			
129.02	3.90E+05			
129.09	4.83E+05			
129.16	0.00E+00			
129.23	7.72E+04			
129.3	3.04E+04			
129.37	3.46E+05			
129.44	5.85E+02			
129.51	2.19E+05			
129.58	4.51E+05			
129.65	8.22E+05			
129.72	1.02E+05			
129.79	4.38E+05			
129.86	2.66E+05			
129.93	1.68E+05			
130	8.78E+02			
130.07	0.00E+00			
130.14	8.04E+05			
130.21	1.62E+06			
130.28	1.33E+06			
130.35	1.60E+06			
130.42	1.81E+06			
130.49	3.05E+06			
130.56	1.92E+06			
130.63	2.42E+06			
130.7	1.97E+06			
130.77	2.30E+06			
130.84	2.16E+06			
130.91	1.95E+06			
130.98	1.10E+06			
131.05	9.01E+05			
131.12	8.86E+05			
131.19	1.88E+05			
131.26	4.30E+04			
131.33	1.01E+06			
131.4	5.60E+05			
131.47	3.16E+05			
131.54	7.78E+05			
131.61	5.04E+05			
131.68	9.15E+05			
131.75	1.60E+06			
131.82	1.39E+06			
131.89	4.36E+05			
131.96	6.41E+04			
132.03	3.63E+05			
132.1	3.30E+05			
132.17	8.78E+02			
132.24	0.00E+00			
132.31	1.17E+03			
132.38	5.85E+02			
132.45	0.00E+00			
132.52	2.09E+05			
132.59	6.14E+03			
132.66	1.10E+05			
132.73	2.19E+05			
132.8	2.05E+03			
132.87	2.05E+03			
132.94	1.46E+03			
133.01	2.63E+03			
133.08	5.85E+02			
133.15	0.00E+00			
133.36	0.00E+00			
133.43	2.32E+05			
133.5	0.00E+00			
133.57	2.05E+03			
133.64	1.43E+05			
133.71	2.38E+05			
133.78	2.89E+05			
133.85	3.62E+05			
133.92	4.30E+05			
133.99	1.98E+05			
134.06	5.85E+02			
134.13	5.85E+02			
134.2	8.78E+02			
134.27	0.00E+00			
134.34	0.00E+00			
134.41	2.93E+02			
134.48	0.00E+00			
134.83	0.00E+00			
134.9	2.67E+05			
134.97	0.00E+00			
135.04	0.00E+00			
135.11	8.89E+04			
135.18	1.41E+05			
135.25	2.48E+05			
135.32	7.23E+05			
135.39	1.38E+05			
135.46	0.00E+00			
135.53	4.80E+05			
135.6	1.20E+06			
135.67	5.30E+05			
135.74	1.94E+05			
135.81	3.85E+05			
135.88	4.63E+05			
135.95	9.09E+05			
136.02	1.40E+05			
136.09	3.72E+04			
136.16	6.53E+05			
136.23	3.13E+05			
136.3	2.66E+05			
136.37	1.75E+05			
136.44	6.82E+04			
136.51	0.00E+00			
136.58	3.46E+05			
136.65	2.58E+04			
136.72	6.73E+03			
136.79	0.00E+00			
136.86	0.00E+00			
136.93	5.85E+02			
137	0.00E+00			
137.07	5.85E+02			
137.14	0.00E+00			
137.21	0.00E+00			
137.28	3.25E+05			
137.35	2.20E+05			
137.42	3.51E+05			
137.49	1.55E+05			
137.56	6.13E+05			
137.63	9.68E+04			
137.7	3.51E+03			
137.77	2.87E+05			
137.84	9.36E+04			
137.91	7.40E+04			
137.98	3.82E+05			
138.05	1.17E+03			
138.12	6.14E+03			
138.19	0.00E+00			
138.26	5.74E+05			
138.33	0.00E+00			
138.4	2.58E+05			
138.47	1.25E+05			
138.54	2.82E+05			
138.61	0.00E+00			
138.68	1.59E+05			
138.75	0.00E+00			
138.82	5.85E+02			
138.89	0.00E+00			
139.24	0.00E+00			
139.31	7.31E+04			
139.38	0.00E+00			
139.45	3.52E+05			
139.52	4.32E+05			
139.59	8.14E+05			
139.66	0.00E+00			
139.73	4.77E+04			
139.8	2.34E+03			
139.87	0.00E+00			
139.94	0.00E+00			
140.02	3.09E+05			
140.09	4.83E+05			
140.16	5.61E+05			
140.23	1.46E+04			
140.3	6.73E+04			
140.37	0.00E+00			
140.51	0.00E+00			
140.58	3.03E+05			
140.65	0.00E+00			
140.79	0.00E+00			
140.86	8.78E+02			
140.93	0.00E+00			
141	0.00E+00			
141.07	1.17E+03			
141.14	1.76E+05			
141.21	7.74E+05			
141.28	7.74E+05			
141.35	1.35E+06			
141.42	1.19E+06			
141.49	6.43E+05			
141.56	1.06E+06			
141.63	8.67E+05			
141.7	1.37E+06			
141.77	8.81E+05			
141.84	3.94E+05			
141.91	6.39E+05			
141.98	1.25E+06			
142.05	6.41E+05			
142.12	2.66E+05			
142.19	2.93E+02			
142.26	2.17E+05			
142.33	8.40E+04			
142.4	8.78E+02			
142.47	2.03E+05			
142.54	4.23E+05			
142.61	3.28E+05			
142.68	2.73E+05			
142.75	1.14E+06			
142.82	1.47E+05			
142.89	1.34E+05			
142.96	1.46E+03			
143.03	5.85E+02			
143.1	1.17E+03			
143.17	5.85E+02			
143.24	9.60E+04			
143.31	2.25E+05			
143.38	8.78E+02			
143.45	3.29E+05			
143.52	6.82E+05			
143.59	4.59E+05			
143.66	2.65E+05			
143.73	1.80E+05			
143.8	8.60E+04			
143.87	6.23E+05			
143.94	7.51E+05			
144.01	8.09E+05			
144.08	6.20E+04			
144.15	1.46E+03			
144.22	0.00E+00			
144.29	2.93E+02			
144.36	5.30E+05			
144.43	1.61E+05			
144.5	2.01E+05			
144.57	8.66E+04			
144.64	1.34E+05			
144.71	5.20E+05			
144.78	1.17E+03			
144.85	1.24E+05			
144.92	7.16E+05			
144.99	2.38E+05			
145.06	2.53E+05			
145.13	1.86E+05			
145.2	2.77E+05			
145.27	1.76E+03			
145.34	3.96E+05			
145.41	0.00E+00			
145.48	1.46E+03			
145.55	2.27E+05			
145.62	2.53E+05			
145.69	5.56E+03			
145.76	4.93E+05			
145.83	5.22E+05			
145.9	2.03E+05			
145.97	2.05E+05			
146.04	2.56E+05			
146.11	5.53E+04			
146.18	0.00E+00			
146.25	6.03E+04			
146.32	3.80E+03			
146.39	2.93E+02			
146.46	5.02E+05			
146.53	4.92E+04			
146.6	5.85E+02			
146.67	5.85E+02			
146.74	3.34E+05			
146.81	1.62E+05			
146.88	6.99E+04			
146.95	3.89E+05			
147.02	3.60E+05			
147.09	3.83E+05			
147.16	0.00E+00			
147.23	0.00E+00			
147.3	9.86E+04			
147.37	5.53E+04			
147.44	0.00E+00			
147.58	0.00E+00			
147.65	2.93E+02			
147.72	0.00E+00			
147.79	0.00E+00			
147.86	4.62E+05			
147.93	1.99E+05			
148	1.55E+05			
148.07	1.23E+05			
148.14	0.00E+00			
148.21	0.00E+00			
148.28	3.45E+04			
148.35	2.25E+05			
148.42	6.05E+05			
148.49	5.85E+05			
148.56	2.16E+05			
148.63	2.39E+05			
148.7	1.46E+06			
148.77	1.07E+06			
148.84	7.38E+05			
148.91	1.28E+06			
148.98	2.75E+05			
149.05	5.23E+05			
149.12	3.58E+05			
149.19	9.42E+04			
149.26	1.40E+05			
149.33	0.00E+00			
149.4	0.00E+00			
149.47	1.62E+05			
149.54	0.00E+00			
149.61	2.43E+05			
149.68	4.39E+03			
149.75	4.83E+05			
149.82	9.60E+04			
149.89	1.42E+05			
149.96	3.61E+05			
150.03	0.00E+00			
150.1	0.00E+00			
150.17	1.46E+03			
150.24	5.15E+04			
150.31	2.90E+04			
150.38	1.17E+03			
150.45	1.47E+05			
150.52	5.85E+02			
150.59	2.91E+05			
150.66	1.04E+05			
150.73	2.83E+05			
150.8	5.85E+02			
150.87	5.85E+02			
150.94	1.46E+03			
151.01	0.00E+00			
151.29	0.00E+00			
151.36	8.78E+02			
151.43	5.85E+02			
151.5	0.00E+00			
151.78	0.00E+00			
151.85	2.93E+03			
151.92	2.63E+03			
151.99	0.00E+00			
152.13	0.00E+00			
152.2	5.85E+02			
152.27	0.00E+00			
152.62	0.00E+00			
152.69	1.58E+05			
152.76	0.00E+00			
153.04	0.00E+00			
153.11	2.93E+02			
153.18	0.00E+00			
153.25	4.68E+03			
153.32	2.05E+03			
153.39	0.00E+00			
153.74	0.00E+00			
153.81	4.79E+05			
153.88	4.63E+05			
153.95	7.90E+03			
154.02	0.00E+00			
154.44	0.00E+00			
154.51	1.72E+05			
154.58	8.63E+04			
154.65	5.85E+02			
154.72	1.84E+05			
154.79	5.49E+05			
154.86	1.16E+05			
154.93	5.46E+05			
155	6.67E+05			
155.07	6.88E+04			
155.14	0.00E+00			
155.28	0.00E+00			
155.35	5.85E+02			
155.42	0.00E+00			
155.49	1.04E+05			
155.56	8.00E+05			
155.63	0.00E+00			
155.91	0.00E+00			
155.98	5.85E+02			
156.05	0.00E+00			
156.12	1.17E+03			
156.19	0.00E+00			
156.33	0.00E+00			
156.4	4.94E+04			
156.47	5.15E+05			
156.54	1.76E+05			
156.61	1.05E+05			
156.68	1.10E+05			
156.75	1.87E+04			
156.82	3.22E+05			
156.89	3.35E+05			
156.96	2.45E+05			
157.03	6.10E+05			
157.1	5.21E+04			
157.17	3.80E+05			
157.24	3.51E+03			
157.31	0.00E+00			
157.38	9.52E+05			
157.45	2.17E+04			
157.52	0.00E+00			
157.59	1.71E+05			
157.66	1.36E+05			
157.73	0.00E+00			
157.81	5.13E+05			
157.88	9.30E+04			
157.95	4.16E+05			
158.02	3.34E+05			
158.09	6.16E+05			
158.16	8.57E+05			
158.23	2.09E+06			
158.3	1.81E+06			
158.37	1.87E+06			
158.44	2.89E+06			
158.51	3.94E+06			
158.58	4.06E+06			
158.65	2.61E+06			
158.72	5.49E+06			
158.79	5.66E+06			
158.86	4.60E+06			
158.93	4.36E+06			
159	4.81E+06			
159.07	2.38E+06			
159.14	2.25E+06			
159.21	2.15E+05			
159.28	1.17E+04			
159.35	2.34E+03			
159.42	5.27E+03			
159.49	3.68E+05			
159.56	6.35E+05			
159.63	4.10E+04			
159.7	2.21E+05			
159.77	9.88E+05			
159.84	3.44E+05			
159.91	1.38E+05			
159.98	5.29E+05			
160.05	1.56E+05			
160.12	5.29E+05			
160.19	3.04E+04			
160.26	1.92E+05			
160.33	0.00E+00			
160.54	0.00E+00			
160.61	1.76E+03			
160.68	0.00E+00			
160.75	7.84E+04			
160.82	7.31E+03			
160.89	2.05E+03			
160.96	2.93E+02			
161.03	2.86E+05			
161.1	7.02E+04			
161.17	0.00E+00			
161.38	0.00E+00			
161.45	1.46E+03			
161.52	2.39E+05			
161.59	8.98E+04			
161.66	0.00E+00			
161.8	0.00E+00			
161.87	3.15E+05			
161.94	2.68E+05			
162.01	1.35E+04			
162.08	0.00E+00			
162.15	2.93E+02			
162.22	0.00E+00			
162.71	0.00E+00			
162.78	2.93E+02			
162.85	2.93E+02			
162.92	0.00E+00			
163.13	0.00E+00			
163.2	2.63E+03			
163.27	0.00E+00			
163.34	1.33E+05			
163.41	9.25E+04			
163.48	0.00E+00			
163.55	9.86E+04			
163.62	6.58E+05			
163.69	5.46E+05			
163.76	5.83E+05			
163.83	2.31E+05			
163.9	2.31E+04			
163.97	5.95E+05			
164.04	3.39E+05			
164.11	1.39E+05			
164.18	0.00E+00			
164.53	0.00E+00			
164.6	1.46E+03			
164.67	1.99E+05			
164.74	3.51E+03			
164.81	0.00E+00			
164.95	0.00E+00			
165.02	1.95E+05			
165.09	2.86E+05			
165.16	0.00E+00			
165.23	1.17E+03			
165.3	0.00E+00			
165.51	0.00E+00			
165.58	1.46E+05			
165.65	0.00E+00			
165.93	0.00E+00			
166	1.51E+05			
166.07	1.30E+05			
166.14	0.00E+00			
166.28	0.00E+00			
166.35	1.17E+03			
166.42	2.34E+03			
166.49	9.22E+04			
166.56	3.84E+05			
166.63	2.51E+05			
166.7	3.52E+05			
166.77	0.00E+00			
166.84	2.93E+02			
166.91	4.68E+03			
166.98	0.00E+00			
167.05	0.00E+00			
167.12	2.61E+05			
167.19	8.78E+02			
167.26	5.85E+02			
167.33	2.93E+02			
167.4	0.00E+00			
167.75	0.00E+00			
167.82	4.68E+03			
167.89	2.34E+05			
167.96	2.81E+04			
168.03	3.75E+04			
168.1	0.00E+00			
168.38	0.00E+00			
168.45	2.93E+02			
168.52	0.00E+00			
168.87	0.00E+00			
168.94	1.17E+03			
169.01	0.00E+00			
169.36	0.00E+00			
169.43	2.44E+05			
169.5	0.00E+00			
169.57	2.01E+05			
169.64	3.51E+03			
169.71	0.00E+00			
169.78	2.69E+05			
169.85	2.63E+03			
169.92	1.17E+03			
169.99	0.00E+00			
170.06	5.85E+02			
170.13	5.41E+04			
170.2	2.80E+05			
170.27	5.85E+02			
170.34	0.00E+00			
170.48	0.00E+00			
170.55	2.93E+02			
170.62	1.17E+03			
170.69	0.00E+00			
171.46	0.00E+00			
171.53	3.28E+04			
171.6	0.00E+00			
171.67	2.83E+05			
171.74	1.32E+04			
171.81	0.00E+00			
171.88	0.00E+00			
171.95	2.93E+03			
172.02	1.33E+05			
172.09	1.38E+04			
172.16	0.00E+00			
172.23	1.98E+05			
172.3	0.00E+00			
172.58	0.00E+00			
172.65	1.46E+03			
172.72	1.61E+05			
172.79	9.81E+05			
172.86	1.52E+04			
172.93	2.27E+05			
173	2.26E+05			
173.07	0.00E+00			
173.14	3.35E+05			
173.21	0.00E+00			
173.35	0.00E+00			
173.42	5.85E+02			
173.49	2.72E+04			
173.56	0.00E+00			
173.77	0.00E+00			
173.84	8.75E+04			
173.91	1.69E+05			
173.98	2.99E+05			
174.05	0.00E+00			
174.12	0.00E+00			
174.19	1.71E+05			
174.26	0.00E+00			
174.4	0.00E+00			
174.47	2.92E+05			
174.54	0.00E+00			
174.68	0.00E+00			
174.75	1.66E+05			
174.82	2.82E+05			
174.89	3.10E+05			
174.96	0.00E+00			
175.17	0.00E+00			
175.24	2.05E+03			
175.31	3.66E+05			
175.38	0.00E+00			
175.95	0.00E+00			
176.02	1.57E+05			
176.09	6.20E+04			
176.16	2.23E+05			
176.23	5.26E+05			
176.3	8.66E+04			
176.37	1.20E+05			
176.44	9.04E+05			
176.51	7.29E+05			
176.58	1.03E+06			
176.65	9.04E+05			
176.72	1.23E+06			
176.79	2.08E+06			
176.86	4.76E+05			
176.93	8.56E+05			
177	9.82E+05			
177.07	3.67E+05			
177.14	3.15E+05			
177.21	3.07E+04			
177.28	0.00E+00			
177.35	2.31E+05			
177.42	2.05E+04			
177.49	1.17E+03			
177.56	0.00E+00			
177.63	2.76E+05			
177.7	2.37E+04			
177.77	2.62E+05			
177.84	4.87E+05			
177.91	4.27E+05			
177.98	5.85E+02			
178.05	2.31E+05			
178.12	1.66E+05			
178.19	7.84E+04			
178.26	5.85E+02			
178.33	1.76E+03			
178.4	0.00E+00			
178.47	0.00E+00			
178.54	2.20E+05			
178.61	2.17E+05			
178.68	2.73E+05			
178.75	3.19E+05			
178.82	2.22E+04			
178.89	0.00E+00			
179.03	0.00E+00			
179.1	4.56E+05			
179.17	1.17E+03			
179.24	0.00E+00			
179.38	0.00E+00			
179.45	1.17E+03			
179.52	1.76E+03			
179.59	0.00E+00			
179.87	0.00E+00			
179.94	5.85E+02			
180.01	0.00E+00			
180.08	0.00E+00			
180.15	1.76E+03			
180.22	8.78E+02			
180.29	0.00E+00			
180.85	0.00E+00			
180.92	1.64E+05			
180.99	5.27E+03			
181.06	0.00E+00			
181.34	0.00E+00			
181.41	1.18E+05			
181.48	1.61E+04			
181.55	0.00E+00			
181.97	0.00E+00			
182.04	8.78E+02			
182.11	0.00E+00			
182.18	5.85E+02			
182.25	0.00E+00			
182.32	0.00E+00			
182.39	8.78E+02			
182.46	3.84E+05			
182.53	4.07E+05			
182.6	0.00E+00			
182.67	9.86E+05			
182.74	2.44E+05			
182.81	3.80E+05			
182.88	3.36E+05			
182.95	3.00E+05			
183.02	3.82E+05			
183.09	1.86E+05			
183.16	0.00E+00			
183.23	8.28E+04			
183.3	0.00E+00			
183.65	0.00E+00			
183.72	8.78E+02			
183.79	0.00E+00			
183.93	0.00E+00			
184	2.93E+02			
184.07	8.78E+02			
184.14	0.00E+00			
184.28	0.00E+00			
184.35	1.45E+05			
184.42	1.22E+05			
184.49	2.93E+02			
184.56	0.00E+00			
184.63	8.78E+02			
184.7	8.78E+02			
184.77	2.29E+05			
184.84	4.52E+05			
184.91	0.00E+00			
184.98	4.44E+05			
185.05	5.97E+05			
185.12	1.46E+03			
185.19	0.00E+00			
185.4	0.00E+00			
185.47	1.17E+03			
185.54	0.00E+00			
185.82	0.00E+00			
185.89	2.34E+03			
185.96	1.36E+05			
186.03	1.02E+04			
186.1	4.07E+05			
186.17	1.99E+05			
186.24	6.05E+05			
186.31	8.74E+05			
186.38	5.11E+05			
186.45	6.11E+05			
186.52	1.20E+06			
186.59	1.91E+06			
186.66	2.14E+06			
186.73	1.03E+06			
186.8	2.48E+06			
186.87	1.22E+06			
186.94	1.42E+06			
187.01	3.52E+05			
187.08	1.20E+05			
187.15	1.04E+06			
187.22	5.85E+03			
187.29	1.17E+03			
187.36	1.46E+03			
187.43	2.18E+05			
187.5	2.05E+03			
187.57	0.00E+00			
187.64	1.68E+05			
187.71	3.48E+05			
187.78	0.00E+00			
187.85	0.00E+00			
187.92	1.71E+05			
187.99	1.48E+05			
188.06	2.05E+03			
188.13	8.78E+02			
188.2	0.00E+00			
188.55	0.00E+00			
188.62	1.88E+05			
188.69	0.00E+00			
188.76	2.70E+05			
188.83	1.17E+03			
188.9	0.00E+00			
189.11	0.00E+00			
189.18	1.17E+03			
189.25	0.00E+00			
189.39	0.00E+00			
189.46	5.85E+02			
189.53	3.51E+03			
189.6	0.00E+00			
189.67	4.39E+03			
189.74	0.00E+00			
190.37	0.00E+00			
190.44	1.11E+05			
190.51	2.31E+04			
190.58	0.00E+00			
190.65	0.00E+00			
190.72	5.85E+02			
190.79	0.00E+00			
191.35	0.00E+00			
191.42	8.78E+02			
191.49	2.34E+03			
191.56	5.15E+05			
191.63	8.63E+04			
191.7	1.17E+03			
191.77	0.00E+00			
191.84	1.17E+03			
191.91	0.00E+00			
192.05	0.00E+00			
192.12	2.52E+05			
192.19	2.93E+02			
192.26	0.00E+00			
192.4	0.00E+00			
192.47	2.79E+05			
192.54	0.00E+00			
192.61	0.00E+00			
192.68	5.85E+02			
192.75	0.00E+00			
193.38	0.00E+00			
193.45	2.93E+05			
193.52	0.00E+00			
193.59	2.32E+05			
193.66	0.00E+00			
193.73	0.00E+00			
193.8	9.66E+03			
193.87	2.59E+05			
193.94	3.92E+04			
194.01	0.00E+00			
194.09	1.95E+05			
194.16	0.00E+00			
194.23	3.06E+05			
194.3	3.78E+05			
194.37	0.00E+00			
195.28	0.00E+00			
195.35	2.93E+02			
195.42	1.46E+03			
195.49	0.00E+00			
195.56	5.85E+02			
195.63	8.78E+02			
195.7	0.00E+00			
195.84	0.00E+00			
195.91	1.03E+05			
195.98	1.76E+03			
196.05	0.00E+00			
196.12	2.93E+02			
196.19	2.93E+02			
196.26	0.00E+00			
196.68	0.00E+00			
196.75	3.07E+05			
196.82	2.46E+04			
196.89	0.00E+00			
196.96	2.34E+03			
197.03	0.00E+00			
197.38	0.00E+00			
197.45	2.83E+05			
197.52	0.00E+00			
197.59	1.17E+03			
197.66	0.00E+00			
197.73	5.85E+02			
197.8	5.85E+02			
197.87	0.00E+00			
197.94	8.89E+04			
198.01	0.00E+00			
198.5	0.00E+00			
198.57	2.32E+05			
198.64	0.00E+00			
199.13	0.00E+00			
199.2	5.20E+05			
199.27	1.40E+05			
199.34	0.00E+00			
199.41	0.00E+00			
199.48	3.03E+05			
199.55	2.65E+05			
199.62	1.17E+03			
199.69	3.67E+05			
199.76	3.50E+05			
199.83	1.73E+05			
199.9	1.37E+05			
199.97	4.92E+04			
200.04	1.85E+05			
200.11	7.08E+04			
200.18	1.46E+05			
200.25	0.00E+00			
200.53	0.00E+00			
200.6	5.85E+02			
200.67	0.00E+00			
200.74	1.86E+05			
200.81	3.61E+05			
200.88	0.00E+00			
201.02	0.00E+00			
201.09	3.44E+05			
201.16	0.00E+00			
201.3	0.00E+00			
201.37	9.48E+04			
201.44	1.10E+05			
201.51	0.00E+00			
201.58	1.27E+05			
201.65	0.00E+00			
202.07	0.00E+00			
202.14	2.84E+05			
202.21	1.40E+05			
202.28	2.58E+04			
202.35	0.00E+00			
202.42	0.00E+00			
202.49	2.14E+05			
202.56	5.85E+02			
202.63	0.00E+00			
202.7	0.00E+00			
202.77	5.85E+02			
202.84	0.00E+00			
202.98	0.00E+00			
203.05	5.85E+02			
203.12	1.17E+03			
203.19	0.00E+00			
203.26	0.00E+00			
203.33	2.93E+02			
203.4	0.00E+00			
203.47	0.00E+00			
203.54	6.13E+05			
203.61	0.00E+00			
203.68	2.93E+02			
203.75	0.00E+00			
203.89	0.00E+00			
203.96	1.41E+05			
204.03	0.00E+00			
204.38	0.00E+00			
204.45	4.24E+05			
204.52	0.00E+00			
204.66	0.00E+00			
204.73	2.46E+05			
204.8	5.15E+04			
204.87	1.20E+05			
204.94	0.00E+00			
205.22	0.00E+00			
205.29	2.70E+05			
205.36	4.39E+03			
205.43	4.24E+05			
205.5	1.79E+04			
205.57	0.00E+00			
205.64	1.17E+03			
205.71	0.00E+00			
205.78	2.93E+02			
205.85	3.37E+05			
205.92	4.10E+03			
205.99	1.58E+05			
206.06	7.55E+05			
206.13	6.14E+03			
206.2	0.00E+00			
206.41	0.00E+00			
206.48	1.76E+03			
206.55	1.76E+03			
206.62	1.38E+05			
206.69	4.42E+04			
206.76	2.03E+05			
206.83	4.68E+03			
206.9	0.00E+00			
207.04	0.00E+00			
207.11	1.17E+03			
207.18	2.93E+03			
207.25	0.00E+00			
207.6	0.00E+00			
207.67	8.78E+02			
207.74	0.00E+00			
208.16	0.00E+00			
208.23	4.36E+04			
208.3	0.00E+00			
208.51	0.00E+00			
208.58	5.09E+04			
208.65	6.44E+03			
208.72	2.16E+05			
208.79	1.12E+05			
208.86	2.17E+05			
208.93	1.53E+05			
209	0.00E+00			
209.07	1.46E+03			
209.14	0.00E+00			
209.35	0.00E+00			
209.42	2.93E+02			
209.49	0.00E+00			
209.56	1.17E+03			
209.63	0.00E+00			
209.77	0.00E+00			
209.84	1.46E+03			
209.91	0.00E+00			
210.61	0.00E+00			
210.68	1.46E+03			
210.75	0.00E+00			
211.03	0.00E+00			
211.1	1.33E+05			
211.17	0.00E+00			
211.52	0.00E+00			
211.59	4.39E+03			
211.66	0.00E+00			
213.14	0.00E+00			
213.21	1.17E+03			
213.28	0.00E+00			
213.35	2.17E+04			
213.42	9.07E+04			
213.49	0.00E+00			
213.56	2.34E+03			
213.63	0.00E+00			
213.7	0.00E+00			
213.77	1.05E+05			
213.84	9.04E+04			
213.91	2.93E+02			
213.98	4.90E+05			
214.05	1.18E+05			
214.12	0.00E+00			
214.26	0.00E+00			
214.33	3.00E+05			
214.4	0.00E+00			
214.61	0.00E+00			
214.68	2.93E+02			
214.75	0.00E+00			
214.89	0.00E+00			
214.96	3.22E+03			
215.03	0.00E+00			
215.52	0.00E+00			
215.59	8.78E+02			
215.66	0.00E+00			
216.08	0.00E+00			
216.15	2.93E+02			
216.22	0.00E+00			
216.71	0.00E+00			
216.78	9.45E+04			
216.85	3.51E+03			
216.92	0.00E+00			
217.83	0.00E+00			
217.9	7.65E+05			
217.97	1.87E+04			
218.04	8.78E+02			
218.11	0.00E+00			
218.25	0.00E+00			
218.32	3.34E+05			
218.39	0.00E+00			
218.46	0.00E+00			
218.53	4.28E+05			
218.6	5.85E+02			
218.67	0.00E+00			
218.74	2.93E+02			
218.81	0.00E+00			
218.88	8.78E+02			
218.95	0.00E+00			
219.16	0.00E+00			
219.23	8.78E+02			
219.3	0.00E+00			
219.58	0.00E+00			
219.65	1.02E+05			
219.72	1.17E+03			
219.79	0.00E+00			
220.49	0.00E+00			
220.56	1.87E+05			
220.63	0.00E+00			
221.4	0.00E+00			
221.47	2.70E+05			
221.54	4.97E+05			
221.61	0.00E+00			
221.75	0.00E+00			
221.82	8.95E+04			
221.89	3.53E+05			
221.96	0.00E+00			
222.31	0.00E+00			
222.38	5.85E+02			
222.45	5.85E+02			
222.52	0.00E+00			
222.59	0.00E+00			
222.66	9.57E+04			
222.73	0.00E+00			
222.8	3.31E+04			
222.87	3.28E+05			
222.94	3.96E+05			
223.01	0.00E+00			
223.08	0.00E+00			
223.15	2.03E+05			
223.22	1.83E+05			
223.29	3.18E+05			
223.36	3.58E+05			
223.43	2.05E+04			
223.5	0.00E+00			
223.64	0.00E+00			
223.71	1.17E+03			
223.78	8.78E+02			
223.85	8.78E+02			
223.92	0.00E+00			
224.34	0.00E+00			
224.41	4.70E+05			
224.48	8.19E+03			
224.55	1.31E+05			
224.62	0.00E+00			
224.69	0.00E+00			
224.76	5.85E+02			
224.83	0.00E+00			
225.04	0.00E+00			
225.11	8.78E+02			
225.18	1.76E+03			
225.25	0.00E+00			
225.39	0.00E+00			
225.46	2.93E+02			
225.53	0.00E+00			
225.6	3.78E+05			
225.67	0.00E+00			
225.95	0.00E+00			
226.02	1.50E+05			
226.09	1.76E+03			
226.16	0.00E+00			
226.72	0.00E+00			
226.79	1.40E+05			
226.86	0.00E+00			
227	0.00E+00			
227.07	2.39E+05			
227.14	0.00E+00			
227.42	0.00E+00			
227.49	3.63E+04			
227.56	2.34E+03			
227.63	0.00E+00			
227.91	0.00E+00			
227.98	1.86E+05			
228.05	0.00E+00			
228.19	0.00E+00			
228.26	5.85E+02			
228.33	1.76E+03			
228.4	0.00E+00			
228.82	0.00E+00			
228.89	2.93E+02			
228.96	0.00E+00			
229.03	2.93E+02			
229.1	0.00E+00			
229.17	0.00E+00			
229.24	3.74E+05			
229.31	1.42E+05			
229.38	1.25E+05			
229.45	0.00E+00			
229.52	0.00E+00			
229.59	9.19E+04			
229.66	0.00E+00			
230.22	0.00E+00			
230.29	7.40E+04			
230.36	2.05E+03			
230.43	0.00E+00			
230.5	2.93E+02			
230.57	0.00E+00			
230.64	0.00E+00			
230.71	1.86E+05			
230.78	4.18E+04			
230.85	0.00E+00			
231.2	0.00E+00			
231.27	2.81E+04			
231.35	1.67E+05			
231.42	2.87E+05			
231.49	0.00E+00			
231.56	0.00E+00			
231.63	1.17E+03			
231.7	0.00E+00			
231.91	0.00E+00			
231.98	3.37E+05			
232.05	0.00E+00			
232.19	0.00E+00			
232.26	8.78E+02			
232.33	0.00E+00			
232.47	0.00E+00			
232.54	5.85E+02			
232.61	0.00E+00			
232.75	0.00E+00			
232.82	1.38E+05			
232.89	0.00E+00			
233.24	0.00E+00			
233.31	2.93E+02			
233.38	0.00E+00			
233.45	1.98E+05			
233.52	8.25E+04			
233.59	7.43E+04			
233.66	0.00E+00			
233.94	0.00E+00			
234.01	1.43E+05			
234.08	5.56E+03			
234.15	0.00E+00			
234.71	0.00E+00			
234.78	1.79E+05			
234.85	0.00E+00			
235.06	0.00E+00			
235.13	1.40E+05			
235.2	8.31E+04			
235.27	0.00E+00			
235.69	0.00E+00			
235.76	4.00E+05			
235.83	0.00E+00			
236.6	0.00E+00			
236.67	1.88E+05			
236.74	8.05E+04			
236.81	7.70E+05			
236.88	2.88E+05			
236.95	2.48E+05			
237.02	1.46E+03			
237.09	1.44E+05			
237.16	2.26E+05			
237.23	0.00E+00			
237.3	2.72E+05			
237.37	0.00E+00			
237.58	0.00E+00			
237.65	2.93E+02			
237.72	0.00E+00			
237.79	0.00E+00			
237.86	1.78E+05			
237.93	0.00E+00			
238	0.00E+00			
238.07	3.19E+04			
238.14	1.49E+05			
238.21	0.00E+00			
238.28	0.00E+00			
238.35	5.85E+02			
238.42	0.00E+00			
238.63	0.00E+00			
238.7	5.85E+02			
238.77	2.93E+02			
238.84	1.81E+05			
238.91	4.24E+04			
238.98	1.47E+05			
239.05	1.09E+05			
239.12	0.00E+00			
239.26	0.00E+00			
239.33	4.51E+05			
239.4	1.46E+03			
239.47	2.05E+03			
239.54	0.00E+00			
239.68	0.00E+00			
239.75	5.88E+04			
239.82	1.46E+03			
239.89	0.00E+00			
240.59	0.00E+00			
240.66	2.98E+05			
240.73	0.00E+00			
240.87	0.00E+00			
240.94	2.21E+05			
241.01	0.00E+00			
241.36	0.00E+00			
241.43	2.93E+02			
241.5	1.17E+03			
241.57	5.85E+02			
241.64	0.00E+00			
241.71	0.00E+00			
241.78	4.20E+05			
241.85	2.34E+03			
241.92	8.78E+02			
241.99	0.00E+00			
242.13	0.00E+00			
242.2	2.93E+02			
242.27	0.00E+00			
242.76	0.00E+00			
242.83	2.93E+02			
242.9	0.00E+00			
243.32	0.00E+00			
243.39	4.24E+05			
243.46	3.22E+03			
243.53	0.00E+00			
243.6	7.90E+03			
243.67	0.00E+00			
243.74	2.27E+05			
243.81	0.00E+00			
243.88	0.00E+00			
243.95	8.78E+02			
244.02	0.00E+00			
244.23	0.00E+00			
244.3	3.17E+05			
244.37	0.00E+00			
244.44	9.07E+04			
244.51	5.85E+02			
244.58	3.41E+05			
244.65	2.18E+05			
244.72	2.90E+05			
244.79	3.29E+05			
244.86	4.01E+05			
244.93	2.93E+02			
245	1.43E+06			
245.07	4.96E+05			
245.14	0.00E+00			
245.21	1.21E+05			
245.28	6.67E+04			
245.35	0.00E+00			
245.42	2.51E+05			
245.49	0.00E+00			
245.56	0.00E+00			
245.63	1.83E+05			
245.7	2.81E+04			
245.77	0.00E+00			
245.91	0.00E+00			
245.98	4.01E+04			
246.05	0.00E+00			
246.33	0.00E+00			
246.4	9.07E+03			
246.47	0.00E+00			
246.54	8.78E+02			
246.61	2.93E+02			
246.68	0.00E+00			
246.82	0.00E+00			
246.89	3.03E+05			
246.96	0.00E+00			
248.01	0.00E+00			
248.08	5.85E+02			
248.15	0.00E+00			
248.22	0.00E+00			
248.29	8.78E+02			
248.36	0.00E+00			
248.5	0.00E+00			
248.57	1.03E+05			
248.64	0.00E+00			
248.71	0.00E+00			
248.78	1.17E+03			
248.85	8.78E+02			
248.92	0.00E+00			
248.99	0.00E+00			
249.06	1.64E+05			
249.13	6.44E+04			
249.2	0.00E+00			
249.27	0.00E+00			
249.34	8.78E+02			
249.41	0.00E+00			
249.48	5.85E+02			
249.55	0.00E+00			
249.62	5.85E+02			
249.69	1.46E+03			
249.76	1.46E+03			
249.83	3.28E+04			
249.9	0.00E+00			
250.04	0.00E+00			
250.11	1.93E+04			
250.18	1.70E+05			
250.25	5.44E+04			
250.32	0.00E+00			
250.4	0.00E+00			
250.47	1.92E+05			
250.54	7.29E+04			
250.61	0.00E+00			
250.82	0.00E+00			
250.89	1.64E+05			
250.96	1.08E+04			
251.03	0.00E+00			
251.24	0.00E+00			
251.31	5.85E+02			
251.38	0.00E+00			
251.94	0.00E+00			
252.01	2.93E+02			
252.08	0.00E+00			
252.15	0.00E+00			
252.22	2.93E+02			
252.29	2.93E+02			
252.36	5.85E+02			
252.43	0.00E+00			
253.2	0.00E+00			
253.27	2.87E+05			
253.34	2.93E+03			
253.41	0.00E+00			
253.48	8.78E+02			
253.55	0.00E+00			
253.62	0.00E+00			
253.69	1.03E+05			
253.76	0.00E+00			
253.9	0.00E+00			
253.97	1.84E+05			
254.04	0.00E+00			
254.11	0.00E+00			
254.18	1.76E+03			
254.25	0.00E+00			
254.6	0.00E+00			
254.67	2.57E+05			
254.74	0.00E+00			
255.79	0.00E+00			
255.86	5.91E+04			
255.93	0.00E+00			
256.14	0.00E+00			
256.21	8.78E+02			
256.28	0.00E+00			
256.63	0.00E+00			
256.7	1.31E+05			
256.77	0.00E+00			
256.84	8.78E+02			
256.91	0.00E+00			
257.19	0.00E+00			
257.26	4.16E+05			
257.33	0.00E+00			
258.52	0.00E+00			
258.59	1.43E+04			
258.66	7.61E+03			
258.73	0.00E+00			
258.94	0.00E+00			
259.01	8.78E+02			
259.08	0.00E+00			
259.15	0.00E+00			
259.22	4.19E+05			
259.29	2.34E+03			
259.36	0.00E+00			
259.43	8.78E+02			
259.5	0.00E+00			
259.85	0.00E+00			
259.92	2.93E+02			
259.99	0.00E+00			
260.06	2.93E+02			
260.13	0.00E+00			
260.34	0.00E+00			
260.41	1.26E+05			
260.48	4.39E+03			
260.55	1.23E+05			
260.62	5.88E+04			
260.69	0.00E+00			
260.76	2.34E+03			
260.83	1.76E+03			
260.9	0.00E+00			
261.11	0.00E+00			
261.18	2.93E+02			
261.25	0.00E+00			
261.39	0.00E+00			
261.46	2.93E+02			
261.53	0.00E+00			
261.74	0.00E+00			
261.81	1.04E+05			
261.88	0.00E+00			
262.23	0.00E+00			
262.3	8.78E+02			
262.37	0.00E+00			
262.79	0.00E+00			
262.86	2.93E+02			
262.93	0.00E+00			
263.49	0.00E+00			
263.56	7.62E+05			
263.63	5.85E+03			
263.7	0.00E+00			
263.84	0.00E+00			
263.91	5.85E+02			
263.98	0.00E+00			
264.47	0.00E+00			
264.54	2.93E+02			
264.61	2.93E+02			
264.68	0.00E+00			
264.89	0.00E+00			
264.96	1.38E+05			
265.03	0.00E+00			
265.38	0.00E+00			
265.45	2.10E+05			
265.52	0.00E+00			
265.59	0.00E+00			
265.66	8.54E+04			
265.73	9.36E+03			
265.8	0.00E+00			
265.87	2.93E+02			
265.94	1.77E+05			
266.01	0.00E+00			
266.08	2.93E+02			
266.15	8.78E+02			
266.22	0.00E+00			
266.29	2.56E+05			
266.36	2.93E+02			
266.43	0.00E+00			
266.57	0.00E+00			
266.64	2.93E+02			
266.71	0.00E+00			
266.78	1.65E+05			
266.85	9.36E+03			
266.92	5.53E+04			
266.99	2.93E+02			
267.06	1.17E+03			
267.13	0.00E+00			
267.34	0.00E+00			
267.41	4.01E+04			
267.48	0.00E+00			
267.9	0.00E+00			
267.97	1.42E+05			
268.04	3.01E+04			
268.11	0.00E+00			
268.18	2.93E+02			
268.25	0.00E+00			
268.32	0.00E+00			
268.39	2.93E+02			
268.46	0.00E+00			
268.88	0.00E+00			
268.95	5.85E+02			
269.02	0.00E+00			
270.08	0.00E+00			
270.15	8.78E+02			
270.22	0.00E+00			
270.92	0.00E+00			
270.99	2.93E+02			
271.06	0.00E+00			
271.34	0.00E+00			
271.41	5.85E+02			
271.48	0.00E+00			
271.62	0.00E+00			
271.69	1.29E+05			
271.76	0.00E+00			
272.6	0.00E+00			
272.67	1.46E+04			
272.74	1.46E+03			
272.81	0.00E+00			
274.21	0.00E+00			
274.28	1.17E+03			
274.35	2.24E+05			
274.42	0.00E+00			
275.4	0.00E+00			
275.47	1.07E+05			
275.54	0.00E+00			
275.61	0.00E+00			
275.68	8.78E+02			
275.75	0.00E+00			
275.82	7.93E+04			
275.89	9.77E+04			
275.96	0.00E+00			
276.03	0.00E+00			
276.1	1.16E+05			
276.17	0.00E+00			
276.24	0.00E+00			
276.31	3.31E+05			
276.38	1.87E+05			
276.45	0.00E+00			
276.52	0.00E+00			
276.59	2.11E+05			
276.66	2.56E+05			
276.73	0.00E+00			
277.57	0.00E+00			
277.64	1.71E+05			
277.71	2.05E+05			
277.78	0.00E+00			
277.85	1.17E+03			
277.92	0.00E+00			
277.99	2.15E+05			
278.06	2.34E+03			
278.13	0.00E+00			
279.11	0.00E+00			
279.18	2.05E+03			
279.25	8.60E+04			
279.32	2.74E+05			
279.39	0.00E+00			
279.6	0.00E+00			
279.67	8.78E+02			
279.74	8.78E+02			
279.81	0.00E+00			
279.88	1.22E+05			
279.95	0.00E+00			
280.02	0.00E+00			
280.09	1.58E+05			
280.16	0.00E+00			
280.3	0.00E+00			
280.37	1.22E+05			
280.44	1.49E+04			
280.51	2.93E+02			
280.58	1.35E+05			
280.65	0.00E+00			
280.72	0.00E+00			
280.79	3.68E+05			
280.86	6.73E+03			
280.93	0.00E+00			
281	2.93E+02			
281.07	2.87E+05			
281.14	0.00E+00			
281.21	0.00E+00			
281.28	5.85E+02			
281.35	0.00E+00			
281.63	0.00E+00			
281.7	1.50E+05			
281.77	2.93E+02			
281.84	0.00E+00			
282.19	0.00E+00			
282.26	2.43E+04			
282.33	4.97E+04			
282.4	3.51E+03			
282.47	0.00E+00			
282.89	0.00E+00			
282.96	2.93E+02			
283.03	0.00E+00			
283.24	0.00E+00			
283.31	5.85E+02			
283.38	0.00E+00			
283.87	0.00E+00			
283.94	1.32E+05			
284.01	0.00E+00			
284.36	0.00E+00			
284.43	2.87E+05			
284.5	9.36E+03			
284.57	0.00E+00			
285.13	0.00E+00			
285.2	2.03E+05			
285.27	0.00E+00			
285.34	0.00E+00			
285.41	2.93E+02			
285.48	0.00E+00			
286.39	0.00E+00			
286.46	9.16E+04			
286.53	0.00E+00			
286.6	0.00E+00			
286.67	1.17E+03			
286.74	0.00E+00			
286.88	0.00E+00			
286.95	5.85E+02			
287.02	0.00E+00			
287.51	0.00E+00			
287.58	5.85E+02			
287.65	1.76E+03			
287.72	1.17E+03			
287.79	2.93E+02			
287.86	0.00E+00			
288	0.00E+00			
288.07	8.78E+02			
288.14	0.00E+00			
288.28	0.00E+00			
288.35	2.44E+05			
288.42	4.85E+05			
288.49	0.00E+00			
289.13	0.00E+00			
289.2	1.33E+05			
289.27	0.00E+00			
289.34	5.85E+02			
289.41	0.00E+00			
289.83	0.00E+00			
289.9	2.93E+02			
289.97	0.00E+00			
290.25	0.00E+00			
290.32	8.78E+02			
290.39	8.78E+02			
290.46	5.85E+02			
290.53	0.00E+00			
290.74	0.00E+00			
290.81	2.93E+02			
290.88	2.90E+05			
290.95	2.93E+02			
291.02	0.00E+00			
291.09	1.17E+03			
291.16	0.00E+00			
291.37	0.00E+00			
291.44	2.93E+02			
291.51	0.00E+00			
291.65	0.00E+00			
291.72	2.93E+02			
291.79	0.00E+00			
294.24	0.00E+00			
294.31	1.46E+03			
294.38	0.00E+00			
294.8	0.00E+00			
294.87	2.93E+02			
294.94	0.00E+00			
295.08	0.00E+00			
295.15	5.85E+02			
295.22	0.00E+00			
295.43	0.00E+00			
295.5	2.93E+02			
295.57	5.85E+02			
295.64	0.00E+00			
295.85	0.00E+00			
295.92	4.20E+05			
295.99	3.22E+03			
296.06	0.00E+00			
296.13	5.85E+02			
296.2	0.00E+00			
296.55	0.00E+00			
296.62	8.78E+02			
296.69	0.00E+00			
297.18	0.00E+00			
297.25	5.85E+02			
297.32	0.00E+00			
297.67	0.00E+00			
297.74	2.93E+02			
297.81	0.00E+00			
297.88	1.87E+05			
297.95	1.17E+03			
298.02	0.00E+00			
299.49	0.00E+00			
299.56	2.93E+02			
299.63	0.00E+00			
300.12	0.00E+00			
300.19	5.85E+02			
300.26	0.00E+00			
300.4	0.00E+00			
300.47	5.85E+02			
300.54	0.00E+00			
300.68	0.00E+00			
300.75	2.78E+04			
300.82	0.00E+00			
301.17	0.00E+00			
301.24	2.63E+03			
301.31	0.00E+00			
301.94	0.00E+00			
302.01	8.78E+02			
302.08	1.70E+05			
302.15	8.78E+02			
302.22	0.00E+00			
302.85	0.00E+00			
302.92	8.78E+02			
302.99	0.00E+00			
303.27	0.00E+00			
303.34	1.02E+05			
303.41	2.93E+02			
303.48	0.00E+00			
303.83	0.00E+00			
303.9	2.07E+05			
303.97	0.00E+00			
304.04	0.00E+00			
304.11	8.78E+02			
304.18	1.46E+03			
304.25	0.00E+00			
304.39	0.00E+00			
304.46	8.84E+04			
304.53	9.39E+04			
304.6	1.17E+03			
304.67	0.00E+00			
304.74	1.95E+05			
304.81	2.74E+05			
304.88	1.17E+03			
304.95	5.85E+02			
305.02	5.56E+04			
305.09	0.00E+00			
305.16	2.93E+02			
305.23	0.00E+00			
305.51	0.00E+00			
305.58	1.76E+05			
305.65	0.00E+00			
306.77	0.00E+00			
306.84	2.11E+05			
306.91	1.46E+03			
306.98	0.00E+00			
307.68	0.00E+00			
307.75	5.85E+02			
307.82	2.93E+02			
307.89	0.00E+00			
308.45	0.00E+00			
308.52	1.21E+05			
308.59	1.43E+04			
308.66	0.00E+00			
309.37	0.00E+00			
309.44	5.85E+02			
309.51	0.00E+00			
309.72	0.00E+00			
309.79	5.85E+02			
309.86	0.00E+00			
309.93	2.93E+02			
310	0.00E+00			
310.07	0.00E+00			
310.14	8.78E+02			
310.21	0.00E+00			
310.28	2.93E+02			
310.35	2.93E+02			
310.42	0.00E+00			
313.15	0.00E+00			
313.22	2.93E+02			
313.29	0.00E+00			
313.43	0.00E+00			
313.5	8.78E+02			
313.57	0.00E+00			
313.64	0.00E+00			
313.71	5.85E+02			
313.78	2.96E+04			
313.85	8.49E+03			
313.92	5.85E+02			
313.99	0.00E+00			
314.69	0.00E+00			
314.76	3.22E+03			
314.83	0.00E+00			
314.9	6.00E+05			
314.97	0.00E+00			
315.46	0.00E+00			
315.53	7.78E+04			
315.6	0.00E+00			
316.65	0.00E+00			
316.72	6.55E+05			
316.79	1.90E+04			
316.86	0.00E+00			
317.14	0.00E+00			
317.21	7.20E+04			
317.28	1.40E+05			
317.35	1.17E+03			
317.42	5.85E+02			
317.49	0.00E+00			
317.91	0.00E+00			
317.98	2.93E+02			
318.05	0.00E+00			
318.4	0.00E+00			
318.47	2.93E+02			
318.54	0.00E+00			
318.68	0.00E+00			
318.75	2.93E+02			
318.82	0.00E+00			
318.89	0.00E+00			
318.96	6.03E+04			
319.03	5.76E+04			
319.1	2.93E+02			
319.17	0.00E+00			
319.38	0.00E+00			
319.45	8.78E+02			
319.52	0.00E+00			
319.59	6.96E+05			
319.66	0.00E+00			
319.73	0.00E+00			
319.8	8.78E+02			
319.87	0.00E+00			
320.92	0.00E+00			
320.99	2.93E+02			
321.06	8.78E+02			
321.13	0.00E+00			
321.2	0.00E+00			
321.27	2.93E+02			
321.34	0.00E+00			
322.18	0.00E+00			
322.25	5.85E+02			
322.32	0.00E+00			
322.39	1.17E+03			
322.46	0.00E+00			
324.84	0.00E+00			
324.91	1.17E+03			
324.98	0.00E+00			
325.4	0.00E+00			
325.47	9.95E+04			
325.54	0.00E+00			
326.52	0.00E+00			
326.59	5.76E+04			
326.66	0.00E+00			
327.01	0.00E+00			
327.08	2.93E+02			
327.15	0.00E+00			
327.92	0.00E+00			
327.99	2.93E+02			
328.06	0.00E+00			
328.84	0.00E+00			
328.91	5.85E+02			
328.98	0.00E+00			
329.26	0.00E+00			
329.33	2.93E+02			
329.4	0.00E+00			
330.45	0.00E+00			
330.52	5.85E+02			
330.59	0.00E+00			
331.36	0.00E+00			
331.43	1.17E+03			
331.5	0.00E+00			
332.62	0.00E+00			
332.69	6.58E+04			
332.76	0.00E+00			
333.6	0.00E+00			
333.67	1.43E+04			
333.74	1.17E+03			
333.81	0.00E+00			
334.37	0.00E+00			
334.44	2.93E+02			
334.51	0.00E+00			
334.65	0.00E+00			
334.72	1.83E+05			
334.79	0.00E+00			
336.54	0.00E+00			
336.61	5.85E+02			
336.68	0.00E+00			
337.03	0.00E+00			
337.1	5.85E+02			
337.17	0.00E+00			
338.64	0.00E+00			
338.71	1.27E+05			
338.78	1.40E+04			
338.85	0.00E+00			
339.06	0.00E+00			
339.13	2.05E+03			
339.2	0.00E+00			
339.27	0.00E+00			
339.34	2.93E+03			
339.41	0.00E+00			
339.48	0.00E+00			
339.55	2.93E+03			
339.62	0.00E+00			
340.11	0.00E+00			
340.18	5.85E+02			
340.25	2.93E+02			
340.32	0.00E+00			
340.53	0.00E+00			
340.6	5.85E+02			
340.67	1.17E+03			
340.74	0.00E+00			
340.81	2.93E+02			
340.88	0.00E+00			
341.3	0.00E+00			
341.37	5.85E+02			
341.44	0.00E+00			
341.93	0.00E+00			
342	5.85E+02			
342.07	0.00E+00			
342.49	0.00E+00			
342.56	5.85E+02			
342.63	0.00E+00			
343.4	0.00E+00			
343.47	8.78E+02			
343.54	0.00E+00			
343.61	2.93E+02			
343.68	0.00E+00			
345.29	0.00E+00			
345.36	2.93E+02			
345.43	0.00E+00			
345.78	0.00E+00			
345.85	2.93E+02			
345.92	0.00E+00			
346.55	0.00E+00			
346.62	1.76E+05			
346.69	3.31E+04			
346.76	0.00E+00			
346.97	0.00E+00			
347.04	1.17E+03			
347.11	0.00E+00			
347.39	0.00E+00			
347.46	1.17E+03			
347.53	0.00E+00			
347.74	0.00E+00			
347.81	2.93E+02			
347.88	0.00E+00			
347.95	0.00E+00			
348.02	2.93E+02			
348.09	2.19E+05			
348.16	8.84E+04			
348.23	1.46E+03			
348.3	0.00E+00			
349.01	0.00E+00			
349.08	5.85E+02			
349.15	0.00E+00			
349.36	0.00E+00			
349.43	2.63E+03			
349.5	7.34E+04			
349.57	8.78E+02			
349.64	8.78E+02			
349.71	0.00E+00			
350.2	0.00E+00			
350.27	3.36E+05			
350.34	1.02E+04			
350.41	0.00E+00			
350.69	0.00E+00			
350.76	2.65E+05			
350.83	1.24E+05			
350.9	0.00E+00			
351.04	0.00E+00			
351.11	2.93E+02			
351.18	0.00E+00			
351.81	0.00E+00			
351.88	1.17E+03			
351.95	0.00E+00			
354.54	0.00E+00			
354.61	2.93E+02			
354.68	0.00E+00			
354.96	0.00E+00			
355.03	5.85E+02			
355.1	0.00E+00			
355.17	3.89E+05			
355.24	0.00E+00			
355.66	0.00E+00			
355.73	2.93E+02			
355.8	0.00E+00			
356.5	0.00E+00			
356.57	2.93E+02			
356.64	1.17E+03			
356.71	0.00E+00			
357.41	0.00E+00			
357.48	2.93E+02			
357.55	1.20E+05			
357.62	4.89E+04			
357.69	0.00E+00			
358.6	0.00E+00			
358.67	8.46E+04			
358.74	1.49E+05			
358.81	0.00E+00			
359.72	0.00E+00			
359.79	1.17E+03			
359.86	0.00E+00			
359.93	2.93E+02			
360	3.22E+03			
360.07	0.00E+00			
361.26	0.00E+00			
361.33	2.93E+02			
361.4	0.00E+00			
361.47	6.14E+04			
361.54	2.78E+04			
361.61	0.00E+00			
361.68	2.34E+03			
361.75	0.00E+00			
361.82	0.00E+00			
361.89	2.93E+02			
361.96	0.00E+00			
363.57	0.00E+00			
363.64	1.17E+03			
363.71	8.78E+04			
363.78	0.00E+00			
364.27	0.00E+00			
364.34	2.93E+02			
364.41	0.00E+00			
365.32	0.00E+00			
365.39	2.93E+02			
365.46	0.00E+00			
365.81	0.00E+00			
365.88	2.93E+02			
365.95	0.00E+00			
366.16	0.00E+00			
366.23	2.93E+02			
366.3	0.00E+00			
366.86	0.00E+00			
366.93	1.76E+03			
367	0.00E+00			
367.49	0.00E+00			
367.56	8.78E+02			
367.63	0.00E+00			
368.68	0.00E+00			
368.75	2.05E+03			
368.82	5.85E+02			
368.89	0.00E+00			
369.46	0.00E+00			
369.53	2.93E+02			
369.6	0.00E+00			
370.72	0.00E+00			
370.79	7.78E+05			
370.86	8.78E+02			
370.93	0.00E+00			
371	2.87E+05			
371.07	0.00E+00			
371.42	0.00E+00			
371.49	5.85E+02			
371.56	0.00E+00			
371.77	0.00E+00			
371.84	8.78E+02			
371.91	0.00E+00			
373.1	0.00E+00			
373.17	1.46E+03			
373.24	0.00E+00			
373.31	3.72E+05			
373.38	8.78E+02			
373.45	0.00E+00			
373.59	0.00E+00			
373.66	5.85E+02			
373.73	2.93E+02			
373.8	0.00E+00			
374.01	0.00E+00			
374.08	2.45E+05			
374.15	0.00E+00			
375.06	0.00E+00			
375.13	2.93E+02			
375.2	0.00E+00			
376.39	0.00E+00			
376.46	4.89E+04			
376.53	1.10E+05			
376.6	0.00E+00			
376.74	0.00E+00			
376.81	2.93E+02			
376.88	0.00E+00			
377.02	0.00E+00			
377.09	5.85E+02			
377.16	0.00E+00			
380.66	0.00E+00			
380.73	3.94E+05			
380.8	1.49E+05			
380.87	0.00E+00			
380.94	0.00E+00			
381.01	2.02E+05			
381.08	5.85E+03			
381.15	0.00E+00			
382.13	0.00E+00			
382.2	5.85E+02			
382.27	1.17E+03			
382.34	0.00E+00			
382.9	0.00E+00			
382.97	8.78E+02			
383.04	0.00E+00			
383.67	0.00E+00			
383.74	1.17E+03			
383.81	0.00E+00			
384.37	0.00E+00			
384.44	1.17E+03			
384.51	0.00E+00			
384.58	1.46E+03			
384.65	0.00E+00			
385	0.00E+00			
385.07	2.05E+03			
385.14	0.00E+00			
385.7	0.00E+00			
385.77	8.78E+02			
385.84	0.00E+00			
385.91	8.78E+02			
385.98	0.00E+00			
386.47	0.00E+00			
386.54	2.93E+02			
386.61	0.00E+00			
386.75	0.00E+00			
386.82	2.93E+02			
386.89	0.00E+00			
388.15	0.00E+00			
388.22	1.17E+03			
388.29	0.00E+00			
388.57	0.00E+00			
388.64	1.46E+03			
388.71	0.00E+00			
388.99	0.00E+00			
389.06	2.91E+05			
389.13	0.00E+00			
389.2	2.93E+02			
389.27	0.00E+00			
391.24	0.00E+00			
391.31	2.66E+05			
391.38	0.00E+00			
391.45	6.25E+05			
391.52	0.00E+00			
391.59	0.00E+00			
391.66	1.96E+05			
391.73	2.30E+05			
391.8	0.00E+00			
391.94	0.00E+00			
392.01	1.76E+03			
392.08	0.00E+00			
392.36	0.00E+00			
392.43	2.63E+03			
392.5	0.00E+00			
392.57	5.85E+04			
392.64	3.51E+04			
392.71	0.00E+00			
393.41	0.00E+00			
393.48	7.02E+03			
393.55	0.00E+00			
394.11	0.00E+00			
394.18	1.42E+05			
394.25	1.36E+05			
394.32	0.00E+00			
394.46	0.00E+00			
394.53	2.05E+03			
394.6	6.38E+04			
394.67	0.00E+00			
394.81	0.00E+00			
394.88	1.46E+03			
394.95	0.00E+00			
395.3	0.00E+00			
395.37	1.11E+05			
395.44	0.00E+00			
397.19	0.00E+00			
397.26	5.85E+02			
397.33	0.00E+00			
398.52	0.00E+00			
398.59	5.85E+02			
398.66	0.00E+00			
399.5	0.00E+00			
399.57	1.17E+03			
399.64	0.00E+00			
400.27	0.00E+00			
400.34	5.85E+02			
400.41	0.00E+00			
400.76	0.00E+00			
400.83	3.78E+05			
400.9	0.00E+00			
401.11	0.00E+00			
401.18	2.93E+02			
401.25	0.00E+00			
402.93	0.00E+00			
403	2.93E+02			
403.07	0.00E+00			
403.49	0.00E+00			
403.56	8.78E+02			
403.63	0.00E+00			
403.7	5.85E+02			
403.77	0.00E+00			
403.91	0.00E+00			
403.98	8.78E+02			
404.05	0.00E+00			
404.68	0.00E+00			
404.75	5.85E+02			
404.82	0.00E+00			
405.8	0.00E+00			
405.87	1.17E+03			
405.94	0.00E+00			
407.13	0.00E+00			
407.2	8.78E+02			
407.27	0.00E+00			
408.53	0.00E+00			
408.6	2.93E+02			
408.67	0.00E+00			
408.88	0.00E+00			
408.95	2.93E+02			
409.02	8.78E+04			
409.09	0.00E+00			
409.44	0.00E+00			
409.51	5.85E+02			
409.58	0.00E+00			
410.14	0.00E+00			
410.21	8.78E+02			
410.28	0.00E+00			
411.97	0.00E+00			
412.04	8.19E+03			
412.11	1.96E+04			
412.18	0.00E+00			
412.25	1.57E+05			
412.32	0.00E+00			
412.46	0.00E+00			
412.53	2.89E+05			
412.6	0.00E+00			
412.74	0.00E+00			
412.81	1.69E+05			
412.88	0.00E+00			
412.95	0.00E+00			
413.02	1.78E+05			
413.09	0.00E+00			
413.16	1.17E+03			
413.23	5.44E+04			
413.3	1.34E+05			
413.37	1.73E+04			
413.44	0.00E+00			
413.51	1.02E+05			
413.58	7.61E+03			
413.65	0.00E+00			
414.14	0.00E+00			
414.21	1.90E+04			
414.28	0.00E+00			
414.63	0.00E+00			
414.7	1.17E+03			
414.77	0.00E+00			
416.03	0.00E+00			
416.1	2.34E+03			
416.17	0.00E+00			
419.39	0.00E+00			
419.46	2.93E+02			
419.53	0.00E+00			
420.16	0.00E+00			
420.23	2.93E+02			
420.3	5.85E+02			
420.37	0.00E+00			
420.44	2.93E+02			
420.51	0.00E+00			
420.86	0.00E+00			
420.93	1.76E+03			
421	0.00E+00			
421.35	0.00E+00			
421.42	8.78E+02			
421.49	0.00E+00			
422.61	0.00E+00			
422.68	8.78E+02			
422.75	0.00E+00			
423.52	0.00E+00			
423.59	1.17E+03			
423.66	0.00E+00			
424.22	0.00E+00			
424.29	1.46E+03			
424.36	0.00E+00			
424.43	2.93E+02			
424.5	0.00E+00			
424.71	0.00E+00			
424.78	1.50E+05			
424.85	0.00E+00			
425.9	0.00E+00			
425.97	8.78E+02			
426.04	0.00E+00			
426.46	0.00E+00			
426.53	5.85E+02			
426.6	0.00E+00			
427.86	0.00E+00			
427.93	1.32E+05			
428	3.07E+04			
428.07	0.00E+00			
428.42	0.00E+00			
428.49	2.63E+03			
428.56	0.00E+00			
429.26	0.00E+00			
429.33	5.85E+02			
429.4	0.00E+00			
431.5	0.00E+00			
431.57	2.93E+02			
431.64	0.00E+00			
433.61	0.00E+00			
433.68	8.78E+02			
433.75	0.00E+00			
435.78	0.00E+00			
435.85	2.93E+02			
435.92	0.00E+00			
436.76	0.00E+00			
436.83	2.93E+02			
436.9	0.00E+00			
437.53	0.00E+00			
437.6	2.93E+02			
437.67	0.00E+00			
438.51	0.00E+00			
438.58	2.05E+03			
438.65	0.00E+00			
439.35	0.00E+00			
439.42	5.85E+02			
439.49	0.00E+00			
439.56	0.00E+00			
439.63	2.05E+03			
439.7	0.00E+00			
443.27	0.00E+00			
443.34	2.93E+02			
443.41	0.00E+00			
444.11	0.00E+00			
444.18	3.51E+03			
444.25	0.00E+00			
444.32	0.00E+00			
444.39	5.85E+02			
444.46	2.93E+02			
444.53	0.00E+00			
444.74	0.00E+00			
444.81	5.56E+03			
444.88	0.00E+00			
445.09	0.00E+00			
445.16	1.46E+03			
445.23	0.00E+00			
445.79	0.00E+00			
445.86	1.46E+03			
445.93	0.00E+00			
446.91	0.00E+00			
446.98	1.17E+03			
447.05	2.93E+02			
447.12	0.00E+00			
447.82	0.00E+00			
447.89	8.78E+02			
447.96	0.00E+00			
449.64	0.00E+00			
449.71	1.00E+05			
449.78	2.58E+04			
449.85	0.00E+00			
450.55	0.00E+00			
450.62	2.93E+02			
450.69	8.78E+02			
450.76	0.00E+00			
451.67	0.00E+00			
451.74	2.93E+02			
451.81	8.78E+02			
451.88	2.12E+05			
451.95	0.00E+00			
452.72	0.00E+00			
452.79	5.85E+02			
452.86	0.00E+00			
453.22	0.00E+00			
453.29	2.93E+02			
453.36	0.00E+00			
454.2	0.00E+00			
454.27	1.76E+03			
454.34	8.78E+02			
454.41	0.00E+00			
457.63	0.00E+00			
457.7	1.76E+03			
457.77	0.00E+00			
459.03	0.00E+00			
459.1	2.93E+02			
459.17	0.00E+00			
459.94	0.00E+00			
460.01	1.17E+03			
460.08	0.00E+00			
461.34	0.00E+00			
461.41	2.93E+02			
461.48	0.00E+00			
461.69	0.00E+00			
461.76	5.85E+02			
461.83	0.00E+00			
462.25	0.00E+00			
462.32	1.63E+05			
462.39	0.00E+00			
462.67	0.00E+00			
462.74	5.85E+02			
462.81	0.00E+00			
463.44	0.00E+00			
463.51	2.93E+02			
463.58	5.85E+02			
463.65	0.00E+00			
464	0.00E+00			
464.07	5.85E+02			
464.14	0.00E+00			
465.54	0.00E+00			
465.61	2.93E+02			
465.68	0.00E+00			
466.94	0.00E+00			
467.01	2.93E+02			
467.08	0.00E+00			
468.27	0.00E+00			
468.34	8.78E+02			
468.41	0.00E+00			
468.48	0.00E+00			
468.55	2.93E+02			
468.62	0.00E+00			
469.04	0.00E+00			
469.11	1.17E+03			
469.18	0.00E+00			
469.25	0.00E+00			
469.32	2.93E+02			
469.39	0.00E+00			
469.95	0.00E+00			
470.02	2.93E+02			
470.09	0.00E+00			
470.16	8.78E+02			
470.23	4.32E+05			
470.3	0.00E+00			
471.42	0.00E+00			
471.49	1.82E+05			
471.56	8.51E+04			
471.63	6.73E+03			
471.7	0.00E+00			
472.05	0.00E+00			
472.12	8.13E+04			
472.19	3.07E+04			
472.26	0.00E+00			
472.96	0.00E+00			
473.03	2.93E+02			
473.1	5.85E+02			
473.17	0.00E+00			
474.93	0.00E+00			
475	2.49E+04			
475.07	1.76E+03			
475.14	1.46E+03			
475.21	0.00E+00			
476.05	0.00E+00			
476.12	1.50E+05			
476.19	0.00E+00			
476.4	0.00E+00			
476.47	2.63E+03			
476.54	0.00E+00			
476.82	0.00E+00			
476.89	1.07E+05			
476.96	0.00E+00			
478.57	0.00E+00			
478.64	5.85E+02			
478.71	0.00E+00			
478.92	0.00E+00			
478.99	2.63E+03			
479.06	0.00E+00			
479.34	0.00E+00			
479.41	1.17E+03			
479.48	0.00E+00			
479.62	0.00E+00			
479.69	8.78E+02			
479.76	0.00E+00			
480.25	0.00E+00			
480.32	8.78E+02			
480.39	0.00E+00			
480.46	3.63E+04			
480.53	1.68E+05			
480.6	0.00E+00			
481.93	0.00E+00			
482	2.93E+02			
482.07	0.00E+00			
482.98	0.00E+00			
483.05	2.34E+03			
483.12	0.00E+00			
483.4	0.00E+00			
483.47	3.80E+03			
483.54	5.85E+02			
483.61	0.00E+00			
483.89	0.00E+00			
483.96	2.93E+02			
484.03	1.17E+03			
484.1	0.00E+00			
484.17	1.46E+03			
484.24	0.00E+00			
486.97	0.00E+00			
487.04	2.93E+02			
487.11	0.00E+00			
487.67	0.00E+00			
487.74	5.85E+02			
487.81	0.00E+00			
488.65	0.00E+00			
488.72	2.93E+02			
488.79	0.00E+00			
489.84	0.00E+00			
489.91	2.67E+05			
489.98	0.00E+00			
490.33	0.00E+00			
490.4	2.93E+02			
490.47	0.00E+00			
490.54	2.93E+02			
490.61	0.00E+00			
491.17	0.00E+00			
491.24	5.85E+02			
491.31	0.00E+00			
492.01	0.00E+00			
492.08	1.46E+03			
492.15	0.00E+00			
493.27	0.00E+00			
493.34	2.93E+02			
493.41	0.00E+00			
493.62	0.00E+00			
493.69	1.93E+05			
493.76	0.00E+00			
493.97	0.00E+00			
494.04	1.17E+03			
494.11	0.00E+00			
494.25	0.00E+00			
494.32	5.85E+02			
494.39	0.00E+00			
495.02	0.00E+00			
495.09	2.93E+02			
495.16	1.17E+03			
495.23	0.00E+00			
497.62	0.00E+00			
497.69	2.93E+02			
497.76	0.00E+00			
497.9	0.00E+00			
497.97	5.85E+02			
498.04	0.00E+00			
498.67	0.00E+00			
498.74	1.17E+03			
498.81	0.00E+00			
499.79	0.00E+00			